date,n1,n2,n3,n4,n5,n6,bonus
1994-11-19,3,5,14,22,30,44,10
1994-11-26,6,12,15,16,31,44,37
1994-12-03,11,17,21,29,30,40,31
1994-12-10,26,35,38,43,47,49,28
1994-12-17,3,5,9,13,14,38,30
1994-12-24,2,3,27,29,39,44,6
1994-12-31,9,17,32,36,42,44,16
1995-01-07,2,5,21,22,25,32,46
1995-01-14,7,17,23,32,38,42,48
1995-01-21,6,16,20,30,31,47,4
1995-01-28,4,16,25,26,31,43,21
1995-02-04,1,7,37,38,42,46,20
1995-02-11,15,18,29,35,38,48,5
1995-02-18,16,19,21,29,36,45,43
1995-02-25,5,8,10,18,31,33,28
1995-03-04,11,12,17,26,36,42,13
1995-03-11,2,13,22,27,29,46,36
1995-03-18,9,18,19,24,31,41,21
1995-03-25,4,17,41,42,44,49,24
1995-04-01,22,25,30,32,41,43,29
1995-04-08,14,17,22,24,42,47,34
1995-04-15,1,4,6,23,26,49,8
1995-04-22,8,18,20,33,36,38,46
1995-04-29,9,15,22,31,34,48,23
1995-05-06,5,14,17,35,43,48,22
1995-05-13,7,16,25,26,28,41,19
1995-05-20,15,16,17,28,32,46,22
1995-05-27,12,13,25,37,44,45,9
1995-06-03,1,21,29,31,32,40,27
1995-06-10,12,15,26,44,46,49,14
1995-06-17,27,30,33,38,40,48,2
1995-06-24,5,15,21,42,43,45,20
1995-07-01,5,7,8,25,44,48,3
1995-07-08,1,3,11,14,20,40,45
1995-07-15,1,4,20,31,41,43,38
1995-07-22,2,3,21,22,23,40,24
1995-07-29,28,34,41,45,46,49,11
1995-08-05,1,8,25,30,35,45,15
1995-08-12,11,25,28,33,34,47,48
1995-08-19,5,8,23,24,28,48,19
1995-08-26,16,18,21,27,38,41,26
1995-09-02,1,15,22,28,40,49,44
1995-09-09,2,12,20,22,41,45,47
1995-09-16,2,10,14,25,37,41,5
1995-09-23,5,10,19,24,34,46,28
1995-09-30,10,11,29,32,33,40,16
1995-10-07,10,22,28,30,36,37,45
1995-10-14,4,5,9,25,30,47,17
1995-10-21,2,6,17,19,21,47,5
1995-10-28,7,16,27,33,35,44,5
1995-11-04,6,14,18,27,44,48,1
1995-11-11,7,10,23,28,30,48,3
1995-11-18,4,7,18,33,45,48,1
1995-11-25,16,23,28,30,42,46,45
1995-12-02,15,16,19,26,35,46,7
1995-12-09,5,11,12,26,29,33,20
1995-12-16,7,8,23,28,35,49,10
1995-12-23,6,11,34,40,47,49,16
1995-12-30,6,32,39,42,43,45,36
1996-01-06,2,3,4,13,42,44,24
1996-01-13,21,29,31,32,34,48,25
1996-01-20,5,23,25,30,33,37,3
1996-01-27,16,17,38,41,42,43,28
1996-02-03,2,9,22,26,32,44,40
1996-02-10,4,11,14,15,28,42,6
1996-02-17,4,14,15,16,18,22,33
1996-02-24,2,5,7,24,35,44,30
1996-03-02,9,11,12,24,41,45,6
1996-03-09,14,16,29,30,37,45,7
1996-03-16,2,12,19,28,38,48,45
1996-03-23,5,7,14,18,30,43,28
1996-03-30,12,26,27,28,37,49,43
1996-04-06,1,4,6,14,17,38,9
1996-04-13,23,38,40,44,47,49,12
1996-04-20,9,28,29,31,40,48,23
1996-04-27,4,6,11,18,31,48,41
1996-05-04,6,25,26,33,34,47,49
1996-05-11,7,10,12,22,34,48,11
1996-05-18,4,12,13,33,40,46,41
1996-05-25,8,20,26,34,42,43,25
1996-06-01,24,35,36,37,39,45,20
1996-06-08,11,15,17,25,32,46,29
1996-06-15,13,18,25,44,46,47,34
1996-06-22,3,4,7,11,17,40,20
1996-06-29,4,17,27,34,35,46,7
1996-07-06,13,26,43,44,45,47,36
1996-07-13,5,10,11,12,41,42,2
1996-07-20,6,14,20,25,34,44,45
1996-07-27,2,13,19,21,32,45,9
1996-08-03,13,17,26,28,31,36,44
1996-08-10,3,23,36,38,41,45,44
1996-08-17,2,28,33,39,42,44,46
1996-08-24,8,11,14,18,33,44,34
1996-08-31,3,5,14,27,44,47,43
1996-09-07,5,13,15,18,32,44,41
1996-09-14,2,9,10,11,38,48,1
1996-09-21,7,8,12,30,35,41,47
1996-09-28,19,23,26,31,36,39,3
1996-10-05,6,9,25,45,47,48,14
1996-10-12,15,16,25,30,39,45,14
1996-10-19,10,13,31,34,39,48,33
1996-10-26,1,3,9,20,30,35,36
1996-11-02,7,23,32,35,43,48,25
1996-11-09,8,24,27,41,43,49,5
1996-11-16,1,5,16,18,37,42,24
1996-11-23,16,33,34,43,46,49,47
1996-11-30,4,5,12,25,26,49,48
1996-12-07,6,13,17,22,42,47,30
1996-12-14,12,24,33,34,42,47,44
1996-12-21,5,26,35,38,42,45,46
1996-12-28,8,10,20,27,31,39,30
1997-01-04,11,13,14,27,40,41,23
1997-01-11,4,11,16,18,35,43,39
1997-01-18,3,21,22,26,31,48,43
1997-01-25,1,24,28,31,35,47,9
1997-02-01,12,16,20,28,36,48,34
1997-02-05,9,25,28,29,31,35,37
1997-02-08,9,13,27,30,36,47,15
1997-02-12,5,14,23,29,38,45,47
1997-02-15,7,14,21,34,38,47,13
1997-02-19,9,11,19,36,39,41,13
1997-02-22,1,5,8,9,23,27,22
1997-02-26,2,34,36,38,44,46,40
1997-03-01,2,8,23,33,42,49,14
1997-03-05,7,12,20,24,28,43,45
1997-03-08,5,12,20,29,39,42,22
1997-03-12,3,4,5,16,22,25,12
1997-03-15,7,24,37,39,40,43,15
1997-03-19,13,16,17,29,40,48,32
1997-03-22,14,27,39,40,41,43,21
1997-03-26,24,33,42,43,44,47,17
1997-03-29,17,19,31,36,39,40,25
1997-04-02,5,10,17,25,40,43,8
1997-04-05,1,3,28,31,41,46,33
1997-04-09,6,22,35,42,45,49,16
1997-04-12,9,27,29,37,42,44,21
1997-04-16,3,6,9,19,37,48,25
1997-04-19,1,14,16,25,32,37,11
1997-04-23,8,12,17,23,34,43,36
1997-04-26,6,10,14,25,27,38,5
1997-04-30,8,10,16,17,24,40,13
1997-05-03,6,20,29,31,35,40,21
1997-05-07,12,19,28,31,34,43,40
1997-05-10,12,19,22,23,25,44,2
1997-05-14,2,8,16,21,29,37,22
1997-05-17,2,9,13,18,27,48,24
1997-05-21,5,8,21,38,39,49,34
1997-05-24,3,21,23,25,26,33,24
1997-05-28,3,19,24,25,36,48,17
1997-05-31,2,5,9,28,29,45,49
1997-06-04,18,19,21,30,34,44,6
1997-06-07,12,14,21,25,30,40,3
1997-06-11,10,31,33,40,42,44,20
1997-06-14,3,8,10,16,43,44,34
1997-06-18,4,14,19,23,25,48,42
1997-06-21,1,17,26,27,30,44,47
1997-06-25,12,17,27,28,38,40,6
1997-06-28,2,9,14,36,43,48,27
1997-07-02,6,10,18,22,41,45,29
1997-07-05,1,4,11,36,43,44,41
1997-07-09,3,5,13,22,24,43,23
1997-07-12,4,9,27,37,44,45,7
1997-07-16,8,18,23,26,35,45,3
1997-07-19,7,19,36,44,45,47,4
1997-07-23,4,11,21,27,28,34,16
1997-07-26,9,15,20,27,30,41,31
1997-07-30,3,6,12,19,44,45,20
1997-08-02,2,16,28,37,43,47,31
1997-08-06,3,5,6,20,45,49,31
1997-08-09,1,18,20,25,30,31,44
1997-08-13,5,10,17,29,41,43,45
1997-08-16,2,9,19,20,38,49,11
1997-08-20,8,20,27,28,36,41,30
1997-08-23,4,10,25,36,44,47,29
1997-08-27,1,7,22,25,31,47,20
1997-08-30,6,20,30,33,38,46,42
1997-09-03,10,14,22,30,38,43,25
1997-09-07,20,22,26,36,40,41,16
1997-09-10,20,31,32,35,43,45,5
1997-09-13,1,2,5,31,32,40,44
1997-09-17,7,20,21,22,40,44,4
1997-09-20,9,30,38,40,43,44,31
1997-09-24,12,14,29,31,32,44,46
1997-09-27,15,21,29,32,33,40,42
1997-10-01,8,12,17,35,38,49,25
1997-10-04,12,19,28,36,40,46,38
1997-10-08,3,4,7,23,34,43,15
1997-10-11,15,17,18,27,34,40,29
1997-10-15,11,17,30,35,39,45,47
1997-10-18,4,9,25,28,32,46,47
1997-10-22,1,8,9,14,24,35,33
1997-10-25,10,21,27,38,40,44,34
1997-10-29,2,4,25,32,33,45,31
1997-11-01,9,10,14,16,37,39,28
1997-11-05,1,4,6,9,32,38,46
1997-11-08,5,24,34,37,40,48,33
1997-11-12,3,6,8,27,36,45,47
1997-11-15,11,14,23,32,34,35,41
1997-11-19,22,27,33,42,46,47,32
1997-11-22,8,14,24,28,39,45,29
1997-11-26,5,11,19,23,24,47,17
1997-11-29,2,8,21,29,46,47,28
1997-12-03,1,8,36,39,47,49,37
1997-12-06,5,9,19,21,30,49,43
1997-12-10,4,17,22,29,38,48,20
1997-12-13,3,4,11,14,30,32,46
1997-12-17,17,35,36,43,46,49,7
1997-12-20,1,2,7,26,34,38,14
1997-12-24,5,6,11,29,36,41,47
1997-12-27,14,21,28,31,40,46,9
1997-12-31,8,13,18,21,23,29,30
1998-01-03,1,13,26,28,35,45,30
1998-01-07,7,14,25,32,36,38,44
1998-01-10,3,10,11,27,47,49,8
1998-01-14,20,27,28,31,33,41,38
1998-01-17,14,31,33,38,46,48,26
1998-01-21,5,12,24,35,36,38,34
1998-01-24,1,4,6,14,24,49,22
1998-01-28,4,12,15,31,32,47,14
1998-01-31,17,22,30,40,46,48,10
1998-02-04,13,17,32,35,42,45,20
1998-02-07,9,25,27,31,42,45,24
1998-02-11,11,32,38,42,46,49,26
1998-02-14,8,13,14,17,20,28,10
1998-02-18,1,5,10,13,25,32,48
1998-02-21,2,16,25,27,37,45,10
1998-02-25,9,21,27,36,42,48,13
1998-02-28,1,7,15,18,30,31,9
1998-03-04,6,28,30,34,41,45,12
1998-03-07,4,11,14,39,43,44,37
1998-03-11,16,22,23,28,33,37,17
1998-03-14,2,15,18,26,36,38,42
1998-03-18,12,25,31,39,46,47,1
1998-03-21,2,15,23,26,41,43,5
1998-03-25,1,6,10,25,31,45,8
1998-03-28,11,13,23,28,29,37,8
1998-04-01,1,2,24,36,37,38,31
1998-04-04,5,19,24,33,38,48,20
1998-04-08,9,22,37,41,43,47,14
1998-04-11,7,10,31,35,43,44,37
1998-04-15,1,12,18,26,29,36,2
1998-04-18,1,13,29,31,33,42,9
1998-04-22,3,7,9,10,12,37,46
1998-04-25,17,22,36,38,43,48,16
1998-04-29,12,15,28,34,36,40,1
1998-05-02,2,4,16,24,29,49,47
1998-05-06,6,7,14,19,22,27,9
1998-05-09,2,9,25,26,35,40,47
1998-05-13,3,13,16,23,41,42,21
1998-05-16,2,4,6,10,34,44,21
1998-05-20,11,15,31,35,36,42,10
1998-05-23,8,20,24,35,43,47,32
1998-05-27,8,13,15,26,39,42,33
1998-05-30,2,3,14,29,38,40,43
1998-06-03,1,17,18,23,33,41,42
1998-06-06,1,15,23,31,42,48,5
1998-06-10,2,9,26,28,33,46,21
1998-06-13,2,7,10,15,27,45,31
1998-06-17,2,10,16,17,20,27,39
1998-06-20,1,14,27,31,38,47,32
1998-06-24,2,14,19,25,26,33,18
1998-06-27,7,9,11,23,30,43,35
1998-07-01,17,18,28,40,44,46,29
1998-07-04,9,15,25,29,32,49,14
1998-07-08,12,13,21,23,33,36,14
1998-07-11,3,14,23,30,39,43,32
1998-07-15,1,15,23,31,35,39,14
1998-07-18,3,11,20,33,42,44,36
1998-07-22,28,34,38,39,46,47,21
1998-07-25,18,25,36,38,43,44,19
1998-07-29,1,7,23,29,38,48,2
1998-08-01,12,14,31,41,48,49,6
1998-08-05,13,35,38,40,42,47,34
1998-08-08,2,5,17,21,45,47,25
1998-08-12,12,21,23,25,44,49,20
1998-08-15,3,5,15,22,31,35,47
1998-08-19,5,27,34,44,46,48,49
1998-08-22,2,10,11,27,32,38,6
1998-08-26,3,20,26,27,30,43,45
1998-08-29,10,12,37,42,44,45,20
1998-09-02,7,19,27,33,39,43,9
1998-09-05,9,10,11,27,42,47,8
1998-09-09,1,2,9,27,28,32,25
1998-09-12,3,15,23,25,28,33,29
1998-09-16,18,25,28,36,40,45,43
1998-09-19,24,26,27,28,34,40,9
1998-09-23,9,11,14,26,28,39,27
1998-09-26,6,15,18,29,35,40,49
1998-09-30,10,12,14,28,31,38,27
1998-10-03,1,11,18,19,22,32,41
1998-10-07,2,12,24,29,30,33,41
1998-10-10,11,13,21,26,43,46,38
1998-10-14,1,2,5,15,41,45,24
1998-10-17,3,25,36,37,41,45,9
1998-10-21,3,11,15,41,42,48,26
1998-10-24,6,8,15,23,26,41,49
1998-10-28,1,2,7,17,31,49,41
1998-10-31,5,9,12,14,18,38,35
1998-11-04,2,9,11,23,24,42,27
1998-11-07,13,24,25,31,32,44,43
1998-11-11,5,11,19,25,29,49,12
1998-11-14,7,11,12,17,23,39,42
1998-11-18,2,8,12,30,35,47,39
1998-11-21,7,9,17,22,38,49,47
1998-11-25,4,8,30,37,39,43,31
1998-11-28,4,25,26,30,37,45,46
1998-12-02,7,11,16,28,37,49,30
1998-12-05,4,7,23,26,27,35,28
1998-12-09,1,7,39,40,45,49,38
1998-12-12,26,28,38,39,41,46,25
1998-12-16,11,19,20,24,29,40,9
1998-12-19,9,10,18,25,28,48,34
1998-12-23,4,12,18,30,38,47,20
1998-12-26,2,8,11,32,35,41,4
1998-12-30,3,13,18,24,34,49,33
1999-01-02,4,31,33,38,41,46,22
1999-01-06,2,11,18,21,23,47,27
1999-01-09,1,15,23,34,37,40,45
1999-01-13,6,25,27,35,42,48,15
1999-01-16,11,26,28,32,41,42,44
1999-01-20,4,8,14,19,28,40,12
1999-01-23,1,8,10,17,32,47,2
1999-01-27,2,3,6,20,21,22,11
1999-01-30,7,19,32,37,40,44,47
1999-02-03,3,16,18,24,39,47,17
1999-02-06,2,17,23,38,40,49,10
1999-02-10,2,20,21,33,35,49,32
1999-02-13,5,23,26,27,47,49,48
1999-02-17,2,22,31,32,40,42,33
1999-02-20,3,9,17,23,29,40,44
1999-02-24,2,3,13,27,34,48,41
1999-02-27,1,7,13,15,38,43,47
1999-03-03,20,22,24,25,36,40,1
1999-03-06,8,32,33,37,43,47,45
1999-03-10,8,18,27,32,36,49,46
1999-03-13,1,2,15,17,24,44,22
1999-03-17,1,7,29,38,45,46,35
1999-03-20,13,17,25,29,45,49,28
1999-03-24,13,21,27,32,45,48,22
1999-03-27,9,25,30,36,44,48,2
1999-03-31,1,5,12,24,26,38,11
1999-04-03,3,7,9,15,40,43,11
1999-04-07,10,15,23,27,29,46,38
1999-04-10,10,18,25,32,35,36,2
1999-04-14,5,9,12,25,30,32,38
1999-04-17,3,16,28,29,41,46,6
1999-04-21,3,12,22,31,44,46,45
1999-04-24,3,8,11,25,46,47,30
1999-04-28,15,23,24,36,43,49,11
1999-05-01,7,20,24,31,33,40,49
1999-05-05,7,13,17,22,39,44,18
1999-05-08,1,12,24,31,33,47,7
1999-05-12,8,9,26,29,38,47,44
1999-05-15,4,14,18,24,27,40,33
1999-05-19,1,2,5,27,38,49,41
1999-05-22,8,11,14,24,26,49,45
1999-05-26,14,22,26,29,33,46,10
1999-05-29,3,7,9,12,43,44,45
1999-06-02,17,23,27,34,36,37,12
1999-06-05,11,20,24,28,35,48,33
1999-06-09,8,10,12,34,46,48,20
1999-06-12,3,18,21,23,36,49,47
1999-06-16,17,21,25,37,38,45,5
1999-06-19,4,6,20,24,41,42,38
1999-06-23,8,11,18,30,33,43,34
1999-06-26,2,17,18,23,30,40,43
1999-06-30,2,14,19,25,32,49,31
1999-07-03,11,17,28,36,42,44,37
1999-07-07,4,6,8,41,43,44,28
1999-07-10,5,7,15,26,35,40,45
1999-07-14,1,15,21,37,41,42,43
1999-07-17,3,15,23,42,45,48,46
1999-07-21,12,17,26,32,33,46,4
1999-07-24,8,25,26,37,38,48,24
1999-07-28,3,14,30,32,46,49,10
1999-07-31,12,26,27,32,46,49,42
1999-08-04,3,4,9,29,31,36,41
1999-08-07,4,7,19,22,24,46,47
1999-08-11,1,15,22,38,39,48,25
1999-08-14,1,9,18,24,38,44,26
1999-08-18,6,8,13,34,38,45,17
1999-08-21,12,15,16,17,42,48,45
1999-08-25,1,8,20,22,36,48,11
1999-08-28,6,14,15,17,27,47,29
1999-09-01,3,5,19,27,39,49,15
1999-09-04,3,5,7,10,14,20,16
1999-09-08,8,10,17,22,36,38,34
1999-09-11,2,4,16,21,29,46,5
1999-09-15,9,14,27,30,32,49,3
1999-09-18,5,11,15,18,23,33,38
1999-09-22,6,16,21,28,37,44,15
1999-09-25,18,20,26,30,43,49,36
1999-09-29,1,3,8,33,39,43,49
1999-10-02,3,14,28,37,38,49,33
1999-10-06,9,13,19,21,30,45,37
1999-10-09,8,15,26,29,38,46,12
1999-10-13,3,19,23,29,33,34,10
1999-10-16,11,25,27,31,40,41,12
1999-10-20,9,18,27,29,33,43,48
1999-10-23,4,8,10,15,25,39,49
1999-10-27,4,9,13,22,25,32,3
1999-10-30,10,15,17,27,44,47,14
1999-11-03,3,22,25,31,35,37,48
1999-11-06,8,10,23,34,36,46,2
1999-11-10,2,10,18,19,28,35,26
1999-11-13,7,10,21,28,29,39,2
1999-11-17,2,6,23,31,33,36,20
1999-11-20,7,9,15,20,29,34,6
1999-11-24,1,12,16,33,34,44,37
1999-11-27,8,10,22,46,47,49,32
1999-12-01,28,36,37,38,42,47,23
1999-12-04,16,23,25,31,35,47,48
1999-12-08,7,10,11,26,31,33,39
1999-12-11,5,9,27,37,43,46,28
1999-12-15,4,9,16,35,43,44,27
1999-12-18,6,7,12,13,18,29,25
1999-12-22,29,32,39,46,47,49,24
1999-12-24,2,21,23,24,25,35,38
1999-12-29,16,26,33,36,39,47,43
2000-01-01,2,5,14,23,27,48,38
2000-01-05,5,22,25,30,31,33,7
2000-01-08,13,18,32,34,39,41,2
2000-01-12,3,10,14,17,19,27,49
2000-01-15,10,12,16,17,31,47,21
2000-01-19,4,16,17,43,46,48,5
2000-01-22,7,9,10,40,41,44,14
2000-01-26,6,14,21,28,41,43,30
2000-01-29,5,7,17,21,27,48,37
2000-02-02,10,30,31,32,39,42,25
2000-02-05,21,38,40,46,47,49,48
2000-02-09,3,6,14,19,32,41,35
2000-02-12,4,6,12,17,18,19,37
2000-02-16,6,7,12,16,19,42,18
2000-02-19,1,5,11,32,43,46,38
2000-02-23,11,17,18,20,39,47,43
2000-02-26,3,5,6,8,16,45,1
2000-03-01,4,8,10,12,15,30,34
2000-03-04,11,13,19,26,28,47,8
2000-03-08,6,18,22,32,36,46,24
2000-03-11,7,12,37,42,46,49,9
2000-03-15,7,12,25,28,30,40,37
2000-03-18,5,8,15,16,22,39,31
2000-03-22,6,18,20,33,36,40,10
2000-03-25,15,22,23,27,32,37,43
2000-03-29,11,18,20,23,28,32,15
2000-04-01,3,11,19,25,29,30,16
2000-04-05,2,3,7,10,40,48,37
2000-04-08,18,23,30,46,47,49,31
2000-04-12,9,12,19,22,26,34,44
2000-04-15,2,23,28,31,46,48,42
2000-04-19,1,3,7,19,29,44,25
2000-04-22,26,31,35,43,48,49,38
2000-04-26,4,9,14,28,36,39,6
2000-04-29,15,16,19,27,29,42,24
2000-05-03,5,6,24,36,38,48,15
2000-05-06,2,3,30,31,41,45,23
2000-05-10,10,18,29,37,38,46,4
2000-05-13,6,30,35,42,44,45,33
2000-05-17,1,10,11,15,21,48,7
2000-05-20,7,11,18,21,25,44,28
2000-05-24,6,8,21,36,38,46,33
2000-05-27,21,23,33,34,43,45,40
2000-05-31,1,11,14,19,38,44,45
2000-06-03,3,8,19,35,36,48,21
2000-06-07,2,5,20,24,28,39,21
2000-06-10,1,14,15,35,44,47,34
2000-06-14,4,7,23,24,26,38,3
2000-06-17,4,22,24,25,40,43,6
2000-06-21,1,10,24,33,37,46,4
2000-06-24,6,9,32,34,42,48,4
2000-06-28,8,10,27,38,40,46,3
2000-07-01,11,16,22,39,42,48,38
2000-07-05,6,11,19,23,25,28,35
2000-07-08,21,30,35,38,41,46,26
2000-07-12,4,12,21,27,41,49,40
2000-07-15,1,2,7,35,39,44,14
2000-07-19,16,23,31,33,38,41,20
2000-07-22,13,16,43,45,47,48,36
2000-07-26,2,28,29,40,43,47,30
2000-07-29,29,30,33,37,45,48,15
2000-08-02,26,35,38,39,44,46,1
2000-08-05,1,3,35,37,39,48,26
2000-08-09,10,14,32,35,36,43,37
2000-08-12,6,31,35,36,43,46,33
2000-08-16,11,24,33,34,37,45,43
2000-08-19,5,22,34,38,43,46,9
2000-08-23,3,31,32,37,38,47,20
2000-08-26,4,11,16,29,34,35,13
2000-08-30,13,21,24,38,40,41,9
2000-09-02,11,12,21,31,36,40,22
2000-09-06,6,7,11,23,32,44,34
2000-09-09,3,4,24,25,35,43,7
2000-09-13,14,20,25,32,47,49,34
2000-09-16,4,22,23,26,42,47,5
2000-09-20,7,25,30,34,38,39,28
2000-09-23,6,16,18,32,35,45,46
2000-09-27,4,10,24,28,40,47,25
2000-09-30,12,15,27,32,40,44,35
2000-10-04,10,14,19,43,46,49,2
2000-10-07,1,6,20,28,31,45,26
2000-10-11,6,10,19,30,34,41,26
2000-10-14,7,22,31,37,38,40,30
2000-10-18,4,6,11,19,32,36,23
2000-10-21,8,14,15,18,24,44,31
2000-10-25,6,9,13,14,26,38,22
2000-10-28,1,13,14,23,31,47,9
2000-11-01,4,9,20,23,38,45,47
2000-11-04,2,8,17,29,33,44,11
2000-11-08,2,5,9,16,27,43,28
2000-11-11,18,23,28,34,35,47,11
2000-11-15,13,19,28,31,41,44,6
2000-11-18,6,9,11,21,27,43,17
2000-11-22,4,12,20,23,31,33,16
2000-11-25,3,6,20,42,43,48,30
2000-11-29,7,19,28,30,33,37,29
2000-12-02,2,19,28,37,46,47,38
2000-12-06,6,10,13,19,27,47,25
2000-12-09,11,16,25,31,32,33,23
2000-12-13,3,12,23,34,38,39,11
2000-12-16,17,21,26,29,34,39,37
2000-12-20,5,8,39,41,46,49,13
2000-12-23,2,16,17,23,37,38,6
2000-12-27,9,24,26,36,37,42,25
2000-12-30,1,7,16,18,38,47,10
2001-01-03,5,6,16,17,19,22,40
2001-01-06,6,16,23,34,35,40,37
2001-01-10,10,14,15,23,24,27,39
2001-01-13,12,23,28,34,36,40,18
2001-01-17,10,13,24,31,36,47,41
2001-01-20,13,17,22,41,43,47,28
2001-01-24,10,11,28,29,31,39,24
2001-01-27,4,12,15,39,45,47,22
2001-01-31,1,16,33,36,38,45,48
2001-02-03,2,15,16,17,25,26,44
2001-02-07,2,5,33,37,40,45,22
2001-02-10,7,9,12,17,20,32,30
2001-02-14,3,10,23,27,30,32,19
2001-02-17,10,14,31,35,40,45,26
2001-02-21,8,10,24,30,40,44,17
2001-02-24,1,3,12,28,29,41,42
2001-02-28,4,9,12,13,22,32,8
2001-03-03,7,14,20,24,38,48,17
2001-03-07,3,12,30,33,40,49,22
2001-03-10,2,4,12,21,36,37,46
2001-03-14,1,5,8,31,37,38,15
2001-03-17,1,3,15,26,45,46,48
2001-03-21,11,22,27,34,39,42,36
2001-03-24,6,25,31,32,42,43,38
2001-03-28,2,25,34,35,36,39,26
2001-03-31,22,23,26,34,37,44,8
2001-04-04,10,16,23,24,28,45,46
2001-04-07,9,19,30,32,34,44,18
2001-04-11,2,19,37,38,44,49,33
2001-04-14,7,24,35,41,42,47,12
2001-04-18,30,35,41,44,46,49,33
2001-04-21,12,20,23,26,33,46,1
2001-04-25,10,11,24,35,40,44,33
2001-04-28,2,25,33,40,44,47,17
2001-05-02,2,17,20,23,28,43,16
2001-05-05,1,3,16,33,46,47,35
2001-05-09,9,18,27,30,32,48,46
2001-05-12,6,29,30,38,39,45,22
2001-05-16,1,25,27,33,38,45,4
2001-05-19,4,12,30,33,43,48,35
2001-05-23,4,11,30,31,44,47,21
2001-05-26,3,15,22,29,35,49,20
2001-05-30,7,15,23,35,39,44,48
2001-06-02,7,11,19,24,32,39,29
2001-06-06,12,16,35,37,38,47,26
2001-06-09,12,14,24,33,45,48,31
2001-06-13,12,14,19,33,35,48,40
2001-06-16,7,25,31,35,39,45,8
2001-06-20,11,18,24,31,34,49,48
2001-06-23,7,15,16,24,25,46,37
2001-06-27,12,18,39,43,45,49,33
2001-06-30,9,15,22,43,46,48,21
2001-07-04,13,28,32,38,40,47,27
2001-07-07,24,34,37,38,41,49,15
2001-07-11,11,16,19,24,33,47,39
2001-07-14,7,11,14,22,37,38,36
2001-07-18,2,25,31,37,41,45,6
2001-07-21,1,9,13,18,27,45,29
2001-07-25,1,2,3,8,30,37,19
2001-07-28,3,13,29,31,36,45,44
2001-08-01,11,15,20,27,33,40,14
2001-08-04,4,7,11,15,28,47,39
2001-08-08,26,29,31,32,39,46,33
2001-08-11,18,19,25,36,38,40,42
2001-08-15,4,6,18,21,35,38,31
2001-08-18,11,16,18,22,23,31,37
2001-08-22,14,20,22,29,33,37,45
2001-08-25,1,10,14,30,36,43,20
2001-08-29,4,5,9,13,29,47,36
2001-09-01,1,9,32,34,38,49,3
2001-09-05,15,23,24,27,43,48,12
2001-09-08,1,6,13,18,20,49,30
2001-09-12,11,21,25,27,30,35,40
2001-09-15,2,9,15,17,40,48,23
2001-09-19,6,8,21,25,30,45,42
2001-09-22,6,14,35,45,46,49,16
2001-09-26,3,14,15,17,19,47,5
2001-09-29,2,14,17,22,38,44,35
2001-10-03,2,14,26,30,44,45,40
2001-10-06,9,12,29,33,44,47,45
2001-10-10,18,26,28,30,38,46,25
2001-10-13,8,33,38,40,48,49,6
2001-10-17,5,20,26,31,32,40,36
2001-10-20,1,3,6,19,21,26,14
2001-10-24,8,38,39,40,43,44,3
2001-10-27,2,21,23,24,27,38,33
2001-10-31,4,5,6,18,36,49,13
2001-11-03,10,31,34,39,43,44,17
2001-11-07,8,9,10,20,39,40,36
2001-11-10,6,23,24,25,30,49,39
2001-11-14,19,29,32,33,43,47,46
2001-11-17,12,19,30,34,37,41,1
2001-11-21,10,25,30,38,44,46,17
2001-11-24,23,27,30,37,38,42,28
2001-11-28,8,22,31,32,42,45,20
2001-12-01,2,14,19,26,34,48,11
2001-12-05,4,6,8,19,23,29,38
2001-12-08,1,14,16,30,34,42,9
2001-12-12,9,23,25,33,38,44,29
2001-12-15,5,7,13,24,35,40,16
2001-12-19,7,28,34,43,46,48,20
2001-12-22,1,9,10,12,23,40,8
2001-12-26,10,17,26,29,36,37,16
2001-12-29,11,19,31,32,36,45,41
2002-01-02,2,6,20,24,29,32,21
2002-01-05,2,16,28,34,41,42,38
2002-01-09,16,20,28,29,41,45,12
2002-01-12,1,3,11,12,20,24,38
2002-01-16,15,16,23,27,32,44,17
2002-01-19,7,18,34,37,39,42,21
2002-01-23,6,8,14,19,20,44,41
2002-01-26,10,13,20,25,27,32,1
2002-01-30,12,19,27,39,42,47,4
2002-02-02,6,12,30,39,45,46,11
2002-02-06,2,13,20,36,37,40,34
2002-02-09,7,15,20,28,40,48,4
2002-02-13,4,7,12,13,16,29,22
2002-02-16,10,20,24,36,37,44,1
2002-02-20,17,21,24,25,46,49,22
2002-02-23,8,9,27,34,43,48,25
2002-02-27,6,12,28,31,39,44,42
2002-03-02,8,11,25,33,37,43,30
2002-03-06,5,17,20,31,33,34,26
2002-03-09,9,18,20,21,39,48,6
2002-03-13,1,7,15,23,27,34,26
2002-03-16,5,6,26,41,42,44,11
2002-03-20,10,18,25,28,37,43,14
2002-03-23,9,24,28,30,31,40,49
2002-03-27,6,9,20,24,35,36,39
2002-03-30,8,14,25,36,38,47,15
2002-04-03,4,8,18,26,32,34,10
2002-04-06,17,18,32,35,39,48,8
2002-04-10,5,11,24,26,34,41,2
2002-04-13,3,19,22,40,41,44,35
2002-04-17,5,13,19,30,32,43,6
2002-04-20,7,14,21,32,43,44,31
2002-04-24,3,13,17,20,21,30,23
2002-04-27,11,19,32,33,43,44,3
2002-05-01,10,15,19,22,24,32,41
2002-05-04,8,9,11,17,45,47,24
2002-05-08,8,10,42,44,47,49,14
2002-05-11,1,25,27,35,43,46,22
2002-05-15,4,6,10,19,40,49,9
2002-05-18,21,22,30,31,38,48,13
2002-05-22,5,9,18,39,43,46,48
2002-05-25,7,14,15,25,27,40,18
2002-05-29,19,26,30,34,40,44,13
2002-06-01,13,19,27,36,41,44,3
2002-06-05,3,5,7,26,43,47,10
2002-06-08,15,16,18,28,36,47,49
2002-06-12,1,2,10,34,47,48,12
2002-06-15,3,13,14,23,30,36,32
2002-06-19,18,21,32,36,39,41,9
2002-06-22,14,17,18,22,32,37,12
2002-06-26,6,7,25,33,38,43,23
2002-06-29,4,25,28,36,42,49,37
2002-07-03,2,4,5,22,27,29,24
2002-07-06,1,20,42,43,44,49,9
2002-07-10,4,18,19,20,30,43,24
2002-07-13,15,21,23,24,31,32,8
2002-07-17,10,11,31,41,45,46,42
2002-07-20,7,10,16,34,47,48,36
2002-07-24,7,13,21,34,35,43,10
2002-07-27,24,26,28,29,34,44,45
2002-07-31,9,13,15,23,26,45,49
2002-08-03,6,11,19,35,36,44,39
2002-08-07,10,22,23,30,33,42,36
2002-08-10,13,16,23,28,31,32,18
2002-08-14,1,6,8,20,29,38,31
2002-08-17,19,20,31,32,35,40,23
2002-08-21,5,14,19,32,34,42,35
2002-08-24,4,17,26,28,38,46,3
2002-08-28,4,7,9,17,36,46,23
2002-08-31,2,18,23,31,43,46,11
2002-09-04,2,23,28,33,45,47,13
2002-09-07,7,21,29,31,38,41,28
2002-09-11,15,20,28,37,40,44,23
2002-09-14,8,14,24,27,29,32,21
2002-09-18,4,7,12,29,37,42,14
2002-09-21,1,6,7,11,13,30,27
2002-09-25,6,21,29,32,33,47,4
2002-09-28,2,9,10,11,13,16,26
2002-10-02,2,3,14,15,21,48,8
2002-10-05,15,16,18,36,37,49,28
2002-10-09,7,22,25,31,44,47,1
2002-10-12,16,18,35,36,39,48,15
2002-10-16,13,19,25,28,34,45,32
2002-10-19,12,30,43,44,45,47,10
2002-10-23,11,26,36,43,44,46,29
2002-10-26,7,10,24,32,33,45,29
2002-10-30,10,21,26,31,48,49,29
2002-11-02,5,28,32,39,42,48,21
2002-11-06,2,6,8,21,41,42,7
2002-11-09,4,5,8,19,31,37,36
2002-11-13,3,6,8,14,24,31,35
2002-11-16,10,30,34,42,48,49,6
2002-11-20,16,18,19,44,46,48,3
2002-11-23,5,6,12,19,30,47,25
2002-11-27,11,25,35,36,42,47,18
2002-11-30,6,7,20,29,37,39,25
2002-12-04,2,4,23,26,28,40,29
2002-12-07,2,19,29,34,35,36,18
2002-12-11,10,13,15,16,29,48,49
2002-12-14,11,21,38,39,45,47,26
2002-12-18,11,17,21,22,40,42,19
2002-12-21,4,22,23,37,43,44,19
2002-12-24,4,8,9,19,32,46,17
2002-12-28,2,18,20,32,36,37,5
2003-01-01,3,22,27,29,34,41,31
2003-01-04,19,32,33,36,40,45,28
2003-01-08,10,12,22,34,46,48,3
2003-01-11,9,18,22,26,37,41,20
2003-01-15,11,29,33,38,46,48,44
2003-01-18,4,11,20,35,43,46,18
2003-01-22,5,16,23,35,44,47,46
2003-01-25,3,19,35,38,39,42,1
2003-01-29,1,6,26,29,37,48,27
2003-02-01,2,13,30,39,45,47,21
2003-02-05,1,13,17,26,42,46,30
2003-02-08,23,27,32,37,41,43,35
2003-02-12,12,17,18,20,30,35,49
2003-02-15,4,20,32,44,48,49,27
2003-02-19,1,4,10,17,28,35,32
2003-02-22,19,30,33,38,42,44,31
2003-02-26,5,18,34,38,40,45,22
2003-03-01,22,24,29,31,44,45,35
2003-03-05,3,8,12,23,34,46,24
2003-03-08,5,6,8,32,33,41,15
2003-03-12,6,16,33,37,40,41,25
2003-03-15,4,24,25,28,38,47,11
2003-03-19,2,10,15,16,18,39,36
2003-03-22,2,8,10,45,47,49,9
2003-03-26,10,22,35,37,47,49,31
2003-03-29,5,15,21,33,35,42,26
2003-04-02,8,11,15,21,37,39,25
2003-04-05,9,26,30,31,38,45,32
2003-04-09,7,20,25,27,33,45,41
2003-04-12,3,5,16,25,43,45,23
2003-04-16,5,7,23,29,38,47,26
2003-04-19,8,10,13,31,38,48,14
2003-04-23,13,24,31,33,41,44,5
2003-04-26,9,21,27,33,35,48,18
2003-04-30,16,20,26,35,43,46,10
2003-05-03,3,6,7,29,46,49,37
2003-05-07,7,12,26,33,35,47,28
2003-05-10,8,18,24,26,32,38,31
2003-05-14,1,3,4,16,17,27,7
2003-05-17,8,12,15,22,36,48,37
2003-05-21,18,19,21,32,35,39,42
2003-05-24,4,22,25,30,34,42,35
2003-05-28,1,7,15,25,27,32,22
2003-05-31,2,9,12,22,25,26,21
2003-06-04,7,20,27,40,43,49,12
2003-06-07,2,5,6,17,18,30,29
2003-06-11,9,13,22,39,48,49,14
2003-06-14,3,12,29,37,43,46,11
2003-06-18,16,18,26,32,38,40,27
2003-06-21,12,20,36,39,44,45,49
2003-06-25,2,6,7,23,27,30,21
2003-06-28,1,10,17,23,29,35,36
2003-07-02,1,14,17,23,30,47,12
2003-07-05,6,10,18,19,22,43,8
2003-07-09,2,7,24,30,31,35,18
2003-07-12,9,12,13,15,21,33,43
2003-07-16,2,15,16,17,26,42,35
2003-07-19,3,9,10,17,34,48,36
2003-07-23,11,19,23,31,38,46,9
2003-07-26,1,12,16,26,37,49,23
2003-07-30,2,17,22,38,45,49,1
2003-08-02,5,26,28,45,47,49,8
2003-08-06,1,8,13,22,36,45,21
2003-08-09,11,14,19,25,30,41,38
2003-08-13,10,15,16,18,19,28,8
2003-08-16,1,9,10,12,42,45,27
2003-08-20,5,6,34,37,42,48,31
2003-08-23,10,15,18,25,42,48,11
2003-08-27,8,18,19,29,44,45,42
2003-08-30,18,26,33,38,43,44,2
2003-09-03,10,11,13,38,39,42,8
2003-09-06,1,21,25,27,39,42,17
2003-09-10,9,25,28,37,41,48,30
2003-09-13,3,4,8,9,30,32,12
2003-09-17,3,9,15,16,21,29,46
2003-09-20,1,2,15,23,31,48,49
2003-09-24,11,13,28,34,37,45,9
2003-09-27,7,24,30,44,46,47,38
2003-10-01,3,16,24,27,30,48,21
2003-10-04,2,8,23,32,35,39,16
2003-10-08,6,22,25,26,28,44,9
2003-10-11,3,6,11,20,34,43,36
2003-10-15,7,11,16,32,42,49,17
2003-10-18,5,11,17,23,40,45,41
2003-10-22,6,19,29,32,34,46,39
2003-10-25,4,10,18,21,43,49,15
2003-10-29,9,19,25,29,30,38,3
2003-11-01,9,11,15,24,38,46,29
2003-11-05,10,12,18,20,22,47,38
2003-11-08,2,12,33,39,45,48,29
2003-11-12,6,9,13,17,21,24,30
2003-11-15,17,30,31,32,35,47,42
2003-11-19,11,12,13,18,43,48,21
2003-11-22,1,5,8,16,31,39,22
2003-11-26,16,32,34,35,40,48,3
2003-11-29,9,23,25,26,33,36,37
2003-12-03,2,28,34,35,38,47,6
2003-12-06,3,11,13,34,35,43,8
2003-12-10,8,14,21,26,37,48,9
2003-12-13,1,7,9,28,33,39,4
2003-12-17,4,6,13,21,36,46,37
2003-12-20,8,23,35,39,44,46,31
2003-12-24,1,7,24,27,46,48,31
2003-12-27,3,18,22,27,41,46,37
2003-12-31,19,28,31,34,41,47,1
2004-01-03,17,18,22,23,40,49,10
2004-01-07,2,12,17,23,24,34,10
2004-01-10,14,23,29,39,41,45,17
2004-01-14,2,5,19,21,40,46,33
2004-01-17,4,8,21,24,39,44,5
2004-01-21,3,11,25,28,34,45,42
2004-01-24,16,25,27,32,35,43,42
2004-01-28,8,10,16,17,30,47,7
2004-01-31,5,12,13,19,27,47,40
2004-02-04,9,11,18,20,35,47,40
2004-02-07,18,22,25,44,45,46,7
2004-02-11,22,23,38,40,43,47,32
2004-02-14,14,15,17,31,39,45,23
2004-02-18,1,3,5,13,21,24,29
2004-02-21,1,5,8,18,42,48,38
2004-02-25,6,21,28,34,38,41,47
2004-02-28,6,19,22,38,39,43,18
2004-03-03,24,38,40,44,47,48,23
2004-03-06,17,19,20,35,43,45,7
2004-03-10,11,14,17,34,37,43,22
2004-03-13,1,10,11,18,19,46,43
2004-03-17,5,16,30,38,42,43,4
2004-03-20,13,21,37,42,46,48,22
2004-03-24,7,17,19,26,29,41,49
2004-03-27,19,21,25,33,37,41,38
2004-03-31,4,7,8,11,24,40,33
2004-04-03,3,9,12,28,29,38,5
2004-04-07,9,25,33,36,46,49,43
2004-04-10,25,30,34,39,40,47,16
2004-04-14,1,3,22,32,38,44,45
2004-04-17,3,21,31,42,47,48,34
2004-04-21,7,19,20,29,41,49,18
2004-04-24,1,3,4,5,17,37,30
2004-04-28,1,3,26,34,43,47,12
2004-05-01,5,6,10,15,27,49,20
2004-05-05,23,32,33,42,43,45,4
2004-05-08,14,17,23,28,42,49,5
2004-05-12,10,11,15,18,19,40,28
2004-05-15,4,29,35,44,46,49,12
2004-05-19,10,22,28,33,37,39,42
2004-05-22,1,4,5,25,34,46,12
2004-05-26,11,15,18,24,34,44,28
2004-05-29,1,4,6,18,19,40,30
2004-06-02,5,22,26,40,42,43,44
2004-06-05,5,8,9,26,29,44,16
2004-06-09,1,12,23,26,35,45,43
2004-06-12,7,22,35,44,48,49,16
2004-06-16,22,26,29,31,35,42,6
2004-06-19,2,23,28,31,42,45,17
2004-06-23,5,18,21,24,38,48,25
2004-06-26,16,21,24,28,31,33,3
2004-06-30,11,12,15,29,37,43,45
2004-07-03,6,8,21,25,43,47,16
2004-07-07,5,10,11,16,17,33,13
2004-07-10,6,9,31,32,40,47,24
2004-07-14,6,27,33,38,45,47,8
2004-07-17,1,3,11,16,23,36,22
2004-07-21,6,9,13,15,40,43,2
2004-07-24,22,27,30,31,48,49,28
2004-07-28,10,11,14,21,25,42,15
2004-07-31,3,13,17,29,40,48,39
2004-08-04,4,7,8,10,17,22,11
2004-08-07,8,11,28,33,38,41,40
2004-08-11,11,12,19,47,48,49,7
2004-08-14,13,14,31,32,37,41,42
2004-08-18,6,11,12,13,36,42,21
2004-08-21,1,2,19,30,44,49,21
2004-08-25,10,12,13,19,31,46,17
2004-08-28,6,7,10,20,37,44,36
2004-09-01,12,25,27,32,37,49,28
2004-09-04,3,5,10,25,43,47,20
2004-09-08,1,10,27,35,39,48,28
2004-09-11,5,8,19,30,35,42,18
2004-09-15,3,11,17,21,33,44,27
2004-09-18,5,10,13,14,28,42,48
2004-09-22,12,19,40,42,46,49,17
2004-09-25,3,10,28,29,42,43,2
2004-09-29,4,14,23,31,35,41,24
2004-10-02,1,5,6,31,33,41,35
2004-10-06,6,11,12,19,37,44,16
2004-10-09,6,17,22,27,30,34,26
2004-10-13,3,7,14,17,18,43,42
2004-10-16,25,32,33,36,45,46,47
2004-10-20,10,13,19,25,31,33,21
2004-10-23,22,27,33,37,38,40,24
2004-10-27,9,11,21,39,40,46,35
2004-10-30,3,8,9,26,27,47,45
2004-11-03,5,25,33,35,36,39,43
2004-11-06,2,26,29,36,39,40,10
2004-11-10,13,27,37,40,43,49,1
2004-11-13,4,10,12,13,14,22,21
2004-11-17,11,14,20,24,28,36,46
2004-11-20,1,4,8,26,28,36,31
2004-11-24,6,9,15,23,38,48,45
2004-11-27,4,7,9,10,43,46,11
2004-12-01,7,18,27,31,36,49,43
2004-12-04,8,9,35,38,42,45,14
2004-12-08,11,12,16,26,35,39,34
2004-12-11,7,9,19,23,27,49,1
2004-12-15,7,11,19,25,31,39,23
2004-12-18,5,16,22,25,27,30,33
2004-12-22,4,12,27,44,45,47,41
2004-12-24,15,19,24,36,37,49,35
2004-12-29,4,22,30,41,43,47,29
2005-01-01,4,6,9,12,15,40,25
2005-01-05,5,8,15,20,42,48,40
2005-01-08,7,10,17,28,29,33,36
2005-01-12,4,5,31,33,38,42,41
2005-01-15,5,20,30,32,35,38,9
2005-01-19,15,24,28,33,34,47,37
2005-01-22,5,15,23,30,34,42,14
2005-01-26,3,12,14,22,33,40,19
2005-01-29,3,8,27,38,44,46,35
2005-02-02,2,19,28,33,44,49,21
2005-02-05,19,22,33,36,43,44,1
2005-02-09,12,18,22,24,32,33,17
2005-02-12,11,18,20,23,32,48,25
2005-02-16,9,13,18,29,30,49,41
2005-02-19,10,16,19,30,35,45,6
2005-02-23,17,25,30,32,36,37,6
2005-02-26,8,14,25,40,43,48,33
2005-03-02,3,6,15,16,33,48,43
2005-03-05,6,19,24,26,27,49,8
2005-03-09,14,21,25,39,40,47,20
2005-03-12,1,2,8,9,41,48,29
2005-03-16,3,7,9,21,35,39,32
2005-03-19,6,8,18,33,43,49,27
2005-03-23,12,14,25,30,32,38,42
2005-03-26,5,21,23,28,40,48,26
2005-03-30,1,11,23,26,29,31,39
2005-04-02,18,26,27,29,34,42,36
2005-04-06,22,26,36,43,45,49,6
2005-04-09,14,22,25,27,45,47,8
2005-04-13,14,23,36,40,41,48,6
2005-04-16,25,26,32,39,40,42,41
2005-04-20,13,26,27,38,41,43,35
2005-04-23,3,18,25,29,31,43,23
2005-04-27,2,15,20,24,32,47,29
2005-04-30,2,23,26,30,39,47,31
2005-05-04,30,35,38,41,45,48,46
2005-05-07,2,6,21,34,35,49,46
2005-05-11,1,6,11,17,29,43,8
2005-05-14,12,18,22,33,43,48,25
2005-05-18,4,19,22,27,28,47,41
2005-05-21,14,34,38,43,47,48,9
2005-05-25,14,18,29,33,37,39,47
2005-05-28,10,16,21,24,34,46,30
2005-06-01,3,11,17,19,20,41,6
2005-06-04,6,8,13,15,21,40,35
2005-06-08,11,13,26,34,44,48,2
2005-06-11,1,2,18,25,34,45,31
2005-06-15,7,11,12,37,42,45,4
2005-06-18,4,7,26,41,42,49,37
2005-06-22,1,4,7,44,47,48,14
2005-06-25,15,23,27,38,44,49,34
2005-06-29,7,12,23,26,29,44,31
2005-07-02,8,25,33,35,38,40,7
2005-07-06,3,12,17,36,44,49,20
2005-07-09,7,20,22,23,34,37,38
2005-07-13,3,25,36,39,42,47,23
2005-07-16,2,3,21,24,38,44,47
2005-07-20,4,29,39,41,43,45,42
2005-07-23,7,12,16,24,29,37,44
2005-07-27,10,12,13,17,31,37,44
2005-07-30,3,9,13,35,43,45,8
2005-08-03,2,10,30,36,37,43,29
2005-08-06,3,6,7,17,30,34,8
2005-08-10,8,15,30,31,34,43,40
2005-08-13,19,22,30,35,44,48,3
2005-08-17,3,10,13,22,31,33,15
2005-08-20,7,11,12,20,38,44,45
2005-08-24,1,40,43,44,48,49,2
2005-08-27,6,13,17,23,32,43,49
2005-08-31,4,10,14,21,32,49,44
2005-09-03,14,26,34,35,36,45,32
2005-09-07,1,5,7,41,43,49,45
2005-09-10,1,8,24,27,34,46,30
2005-09-14,15,20,22,25,35,39,36
2005-09-17,9,21,23,31,40,46,8
2005-09-21,2,23,33,35,40,42,25
2005-09-24,2,11,27,29,36,44,15
2005-09-28,21,32,41,42,43,46,17
2005-10-01,4,6,31,42,46,47,11
2005-10-05,14,17,23,30,34,42,19
2005-10-08,1,14,20,22,25,26,9
2005-10-12,5,7,13,15,19,45,38
2005-10-15,4,7,29,30,42,44,39
2005-10-19,7,18,20,21,29,47,31
2005-10-22,18,20,22,30,32,39,3
2005-10-26,10,14,26,28,33,38,23
2005-10-29,2,5,13,30,39,49,3
2005-11-02,19,25,32,47,48,49,28
2005-11-05,12,13,21,26,32,39,17
2005-11-09,1,15,23,30,45,49,33
2005-11-12,12,13,25,30,45,47,42
2005-11-16,4,9,22,24,30,41,20
2005-11-19,4,9,10,19,24,37,28
2005-11-23,14,33,36,39,42,46,13
2005-11-26,19,27,28,34,39,46,7
2005-11-30,7,14,29,37,41,45,4
2005-12-03,2,10,11,28,36,47,33
2005-12-07,2,8,11,12,22,26,46
2005-12-10,20,23,25,30,31,48,10
2005-12-14,7,9,17,22,27,40,41
2005-12-17,7,11,15,21,35,47,43
2005-12-21,5,6,12,13,31,45,24
2005-12-24,17,21,25,27,30,37,16
2005-12-28,6,8,10,19,30,42,23
2005-12-31,6,9,11,33,36,49,29
2006-01-04,7,13,31,43,45,47,23
2006-01-07,8,14,19,28,29,48,6
2006-01-11,5,6,8,19,34,38,11
2006-01-14,4,8,16,23,28,47,34
2006-01-18,2,3,7,24,46,47,36
2006-01-21,1,25,26,27,39,49,37
2006-01-25,9,14,15,18,26,46,45
2006-01-28,9,18,22,29,30,48,23
2006-02-01,5,11,13,17,44,48,25
2006-02-04,1,3,6,22,23,39,21
2006-02-08,9,27,28,31,41,42,25
2006-02-11,4,9,15,25,30,40,42
2006-02-15,5,11,12,16,17,45,42
2006-02-18,9,23,32,35,36,40,5
2006-02-22,5,9,27,35,42,43,14
2006-02-25,7,14,24,37,43,48,29
2006-03-01,15,16,19,28,38,42,20
2006-03-04,1,16,22,32,33,40,48
2006-03-08,1,11,14,35,37,42,26
2006-03-11,4,9,13,29,31,36,16
2006-03-15,1,14,21,30,35,48,24
2006-03-18,7,10,22,24,34,44,18
2006-03-22,4,8,16,19,34,40,38
2006-03-25,2,6,10,17,29,30,9
2006-03-29,2,6,18,36,37,44,19
2006-04-01,9,17,18,21,23,39,45
2006-04-05,1,2,16,22,26,49,15
2006-04-08,5,6,7,18,28,40,12
2006-04-12,7,19,26,38,44,49,24
2006-04-15,7,15,19,23,37,48,45
2006-04-19,3,9,33,44,47,49,38
2006-04-22,9,24,30,40,42,48,15
2006-04-26,1,27,32,33,45,48,25
2006-04-29,10,29,31,32,36,47,17
2006-05-03,9,11,22,39,40,42,12
2006-05-06,2,7,11,21,33,34,8
2006-05-10,8,13,28,32,36,46,15
2006-05-13,3,15,21,22,36,47,27
2006-05-17,3,10,19,33,35,38,8
2006-05-20,6,16,17,22,24,45,48
2006-05-24,1,17,25,29,41,46,6
2006-05-27,5,8,12,24,28,31,22
2006-05-31,4,16,32,34,35,37,1
2006-06-03,4,6,7,9,28,39,20
2006-06-07,6,9,11,14,33,48,31
2006-06-10,14,27,32,39,41,47,12
2006-06-14,4,7,10,33,35,49,46
2006-06-17,25,26,33,40,41,47,10
2006-06-21,8,16,27,38,44,49,31
2006-06-24,9,14,21,23,39,44,19
2006-06-28,11,12,34,39,44,48,21
2006-07-01,18,28,33,37,39,42,15
2006-07-05,7,17,29,33,42,45,24
2006-07-08,6,10,19,29,32,42,13
2006-07-12,18,20,26,27,28,39,45
2006-07-15,6,12,19,20,38,39,13
2006-07-19,4,21,25,37,45,46,6
2006-07-22,20,22,23,26,31,47,2
2006-07-26,7,17,27,30,33,39,6
2006-07-29,4,5,16,19,21,49,20
2006-08-02,5,8,9,18,41,47,49
2006-08-05,3,11,13,18,26,31,35
2006-08-09,2,4,12,16,18,41,48
2006-08-12,24,30,38,43,46,49,6
2006-08-16,4,8,16,20,25,31,43
2006-08-19,6,29,31,34,40,48,4
2006-08-23,6,16,20,21,23,37,40
2006-08-26,10,17,24,31,42,49,5
2006-08-30,19,21,22,38,44,49,45
2006-09-02,3,8,20,22,34,40,38
2006-09-06,5,7,14,29,37,38,12
2006-09-09,2,15,21,37,43,46,36
2006-09-13,8,15,17,40,43,48,21
2006-09-16,11,12,16,33,34,43,28
2006-09-20,3,21,29,35,38,45,46
2006-09-23,6,26,28,35,42,43,38
2006-09-27,2,3,16,27,44,48,24
2006-09-30,8,12,13,19,26,38,11
2006-10-04,12,14,16,19,27,32,44
2006-10-07,4,13,23,24,26,36,45
2006-10-11,14,16,24,26,27,39,6
2006-10-14,8,15,24,31,37,42,45
2006-10-18,6,12,36,39,41,48,17
2006-10-21,15,18,23,31,37,49,38
2006-10-25,2,7,10,14,16,22,43
2006-10-28,4,5,6,12,20,29,30
2006-11-01,9,13,14,20,31,35,32
2006-11-04,17,30,33,40,42,43,34
2006-11-08,2,18,31,38,39,46,42
2006-11-11,23,24,28,33,34,41,18
2006-11-15,2,3,17,22,40,42,12
2006-11-18,1,19,20,32,42,46,49
2006-11-22,14,15,24,31,45,49,34
2006-11-25,4,7,31,38,44,48,1
2006-11-29,17,20,31,40,42,46,1
2006-12-02,9,11,15,31,42,46,27
2006-12-06,2,5,9,12,22,32,34
2006-12-09,5,8,10,18,20,46,43
2006-12-13,4,12,14,20,46,49,24
2006-12-16,5,8,11,27,30,46,34
2006-12-20,4,10,21,22,25,38,31
2006-12-23,10,16,24,37,44,49,4
2006-12-27,16,27,29,34,39,45,19
2006-12-30,1,2,7,11,37,45,14
2007-01-03,4,6,30,36,43,44,20
2007-01-06,15,25,29,35,39,40,11
2007-01-10,1,2,13,29,33,49,6
2007-01-13,5,8,12,20,28,48,40
2007-01-17,12,17,21,25,31,37,30
2007-01-20,4,7,26,28,39,49,47
2007-01-24,2,8,10,31,46,48,12
2007-01-27,4,15,21,23,24,38,36
2007-01-31,13,14,21,30,43,49,17
2007-02-03,13,17,39,46,47,49,48
2007-02-07,6,16,18,29,30,35,48
2007-02-10,22,26,38,39,41,42,8
2007-02-14,1,2,4,38,42,43,23
2007-02-17,6,18,40,43,47,49,32
2007-02-21,1,6,26,34,39,42,25
2007-02-24,5,18,26,34,42,49,8
2007-02-28,4,15,34,40,44,46,45
2007-03-03,1,5,11,19,28,36,38
2007-03-07,4,14,25,35,42,48,37
2007-03-10,1,9,16,34,38,41,4
2007-03-14,6,21,24,38,39,48,41
2007-03-17,1,9,14,20,43,44,32
2007-03-21,15,19,29,35,44,45,7
2007-03-24,9,14,26,28,30,45,38
2007-03-28,2,5,19,23,32,41,38
2007-03-31,3,35,39,42,44,48,41
2007-04-04,11,14,19,35,46,49,17
2007-04-07,23,24,30,31,33,37,20
2007-04-11,8,11,21,32,35,42,47
2007-04-14,13,16,23,29,36,49,14
2007-04-18,8,11,17,30,32,41,47
2007-04-21,14,20,21,30,41,46,6
2007-04-25,1,7,25,31,32,39,18
2007-04-28,11,17,24,28,41,47,48
2007-05-02,11,18,25,27,39,44,34
2007-05-05,4,33,34,38,39,49,23
2007-05-09,8,9,19,34,47,49,4
2007-05-12,3,6,9,12,40,43,44
2007-05-16,9,20,22,24,27,28,12
2007-05-19,17,19,20,32,36,48,18
2007-05-23,3,19,31,32,36,40,43
2007-05-26,3,15,19,24,28,34,17
2007-05-30,2,20,22,25,41,47,37
2007-06-02,1,10,33,35,38,43,34
2007-06-06,7,21,22,28,37,40,1
2007-06-09,2,3,23,33,40,46,30
2007-06-13,13,19,24,30,40,48,31
2007-06-16,8,17,33,41,43,45,37
2007-06-20,13,16,22,43,47,49,28
2007-06-23,6,12,19,25,31,41,21
2007-06-27,7,13,23,40,41,48,1
2007-06-30,10,11,17,34,38,46,48
2007-07-04,3,13,22,32,44,46,26
2007-07-07,16,22,28,30,33,35,37
2007-07-11,3,9,10,12,46,47,22
2007-07-14,15,27,35,37,38,39,11
2007-07-18,12,31,33,39,41,45,23
2007-07-21,3,10,21,25,29,49,20
2007-07-25,3,18,21,24,36,38,20
2007-07-28,4,18,22,27,44,48,33
2007-08-01,3,6,15,23,28,42,40
2007-08-04,12,23,25,26,34,49,4
2007-08-08,3,9,12,13,20,43,7
2007-08-11,6,10,11,19,22,46,40
2007-08-15,2,5,15,34,35,43,12
2007-08-18,2,12,26,32,37,47,22
2007-08-22,18,31,35,39,40,42,32
2007-08-25,7,13,17,33,40,42,8
2007-08-29,4,6,11,17,31,41,44
2007-09-01,3,27,34,41,42,48,8
2007-09-05,11,24,26,35,39,40,38
2007-09-08,4,10,20,24,39,49,31
2007-09-12,4,13,18,21,30,46,5
2007-09-15,3,7,12,21,25,36,24
2007-09-19,2,5,6,13,25,47,45
2007-09-22,3,12,15,18,30,31,25
2007-09-26,2,8,16,24,32,41,4
2007-09-29,1,9,10,11,16,49,37
2007-10-03,1,17,24,26,30,49,14
2007-10-06,5,6,18,22,24,38,10
2007-10-10,1,9,24,27,36,45,49
2007-10-13,7,11,12,36,38,39,44
2007-10-17,10,12,22,32,45,46,27
2007-10-20,4,15,25,27,33,40,20
2007-10-24,14,16,24,28,45,48,29
2007-10-27,6,8,10,13,22,32,3
2007-10-31,9,12,20,25,33,35,17
2007-11-03,3,10,22,25,31,49,4
2007-11-07,2,6,9,13,17,36,4
2007-11-10,5,11,13,18,25,35,7
2007-11-14,4,5,21,35,37,42,14
2007-11-17,11,16,20,22,27,46,29
2007-11-21,6,8,24,25,32,47,15
2007-11-24,1,14,25,37,39,47,38
2007-11-28,11,15,25,33,44,45,17
2007-12-01,12,24,33,36,39,42,21
2007-12-05,2,8,13,18,26,39,10
2007-12-08,4,6,10,11,24,33,26
2007-12-12,19,20,23,42,44,45,7
2007-12-15,12,22,25,43,46,49,10
2007-12-19,11,13,21,33,36,47,3
2007-12-22,11,13,14,16,21,44,35
2007-12-26,8,14,18,23,27,44,48
2007-12-29,4,13,23,28,30,32,11
2008-01-02,13,15,25,31,37,39,41
2008-01-05,2,3,12,20,33,49,11
2008-01-09,14,24,26,28,44,49,45
2008-01-12,6,11,15,18,34,45,43
2008-01-16,8,13,17,22,29,42,43
2008-01-19,6,10,30,32,43,45,23
2008-01-23,4,12,13,15,30,36,42
2008-01-26,1,2,6,13,38,43,24
2008-01-30,7,8,27,37,40,46,1
2008-02-02,5,7,18,22,25,34,12
2008-02-06,2,5,12,15,30,48,38
2008-02-09,2,14,26,29,31,40,7
2008-02-13,9,14,24,28,32,41,13
2008-02-16,9,18,21,24,37,48,22
2008-02-20,7,17,29,31,39,44,4
2008-02-23,8,11,16,25,39,46,37
2008-02-27,16,29,30,32,38,45,40
2008-03-01,1,8,12,20,29,49,4
2008-03-05,8,14,16,39,43,47,38
2008-03-08,4,15,18,30,31,47,9
2008-03-12,1,13,26,38,41,47,7
2008-03-15,2,23,37,40,48,49,29
2008-03-19,5,21,22,25,27,35,14
2008-03-22,7,11,14,27,45,48,37
2008-03-26,3,22,27,33,45,48,17
2008-03-29,11,17,28,31,40,43,39
2008-04-02,2,6,21,23,43,47,29
2008-04-05,7,23,30,41,45,49,2
2008-04-09,1,6,8,14,17,32,12
2008-04-12,4,17,22,44,46,49,26
2008-04-16,4,10,14,29,31,38,43
2008-04-19,5,19,24,38,42,46,27
2008-04-23,10,15,23,34,39,41,33
2008-04-26,1,4,16,37,39,40,35
2008-04-30,15,31,33,35,41,44,9
2008-05-03,2,15,17,32,36,42,4
2008-05-07,9,10,12,16,30,31,3
2008-05-10,4,14,18,24,32,40,37
2008-05-14,3,4,29,34,41,42,25
2008-05-17,3,11,12,41,46,47,20
2008-05-21,2,23,38,41,47,49,1
2008-05-24,3,6,10,26,30,38,15
2008-05-28,10,25,28,36,45,48,40
2008-05-31,15,20,22,34,37,39,17
2008-06-04,19,27,35,37,39,42,23
2008-06-07,5,9,14,37,38,44,42
2008-06-11,1,8,22,28,35,44,19
2008-06-14,7,16,17,23,29,34,4
2008-06-18,12,26,34,39,40,45,19
2008-06-21,8,9,11,16,18,22,36
2008-06-25,11,12,22,23,24,36,26
2008-06-28,7,12,19,23,46,48,28
2008-07-02,3,4,12,23,30,31,33
2008-07-05,2,22,26,28,30,39,12
2008-07-09,2,3,9,15,26,29,19
2008-07-12,16,27,28,29,30,42,43
2008-07-16,3,12,17,18,22,42,19
2008-07-19,6,9,13,18,29,30,37
2008-07-23,15,17,33,35,39,40,49
2008-07-26,3,11,19,24,33,35,9
2008-07-30,4,26,28,32,44,46,7
2008-08-02,8,15,23,32,35,49,9
2008-08-06,7,9,23,30,47,49,18
2008-08-09,9,10,17,29,33,40,15
2008-08-13,5,9,10,11,23,26,12
2008-08-16,2,3,9,34,35,41,46
2008-08-20,1,29,32,33,34,38,6
2008-08-23,9,16,23,26,27,42,44
2008-08-27,8,14,33,34,35,43,12
2008-08-30,2,14,27,31,36,44,48
2008-09-03,3,5,7,9,24,35,11
2008-09-06,4,6,9,13,35,36,46
2008-09-10,7,15,16,19,22,48,38
2008-09-13,5,21,28,29,40,44,35
2008-09-17,3,9,11,24,29,43,25
2008-09-20,5,15,20,22,24,47,45
2008-09-24,1,14,21,24,35,46,38
2008-09-27,11,21,27,38,40,44,2
2008-10-01,6,27,29,38,42,49,30
2008-10-04,17,18,28,29,32,40,39
2008-10-08,9,13,24,25,42,48,5
2008-10-11,20,21,23,24,27,28,33
2008-10-15,1,8,15,18,34,38,19
2008-10-18,3,10,12,30,39,40,23
2008-10-22,1,12,29,35,37,40,25
2008-10-25,1,20,31,38,43,46,36
2008-10-29,6,10,12,15,20,27,26
2008-11-01,18,19,25,30,33,43,4
2008-11-05,2,11,13,27,34,43,25
2008-11-08,15,24,26,27,33,34,23
2008-11-12,1,5,13,20,27,45,14
2008-11-15,14,17,30,37,38,41,49
2008-11-19,5,7,18,27,31,33,29
2008-11-22,4,12,34,35,38,48,27
2008-11-26,3,6,13,23,27,49,16
2008-11-29,10,34,35,39,43,47,33
2008-12-03,4,12,19,21,34,44,38
2008-12-06,10,12,20,37,39,48,31
2008-12-10,9,11,23,27,29,33,36
2008-12-13,2,4,16,28,37,47,5
2008-12-17,10,15,17,26,46,49,47
2008-12-20,3,9,11,23,36,44,25
2008-12-24,2,10,24,31,37,47,38
2008-12-27,7,10,24,39,40,42,5
2008-12-31,3,11,15,33,36,45,38
2009-01-03,9,19,36,37,39,49,10
2009-01-07,1,8,27,32,39,45,7
2009-01-10,5,8,11,15,38,45,21
2009-01-14,3,18,28,37,39,42,40
2009-01-17,1,7,9,33,36,38,39
2009-01-21,3,25,28,29,32,45,48
2009-01-24,24,25,26,38,39,40,3
2009-01-28,4,29,37,39,40,43,9
2009-01-31,1,4,13,15,35,38,39
2009-02-04,4,24,31,33,36,40,25
2009-02-07,3,7,24,25,26,41,28
2009-02-11,9,14,16,38,46,47,11
2009-02-14,2,4,17,19,38,45,15
2009-02-18,5,23,24,29,39,44,26
2009-02-21,18,22,26,42,45,46,44
2009-02-25,6,19,25,32,37,39,21
2009-02-28,6,25,33,37,42,43,23
2009-03-04,3,21,25,32,37,46,15
2009-03-07,6,21,30,32,33,44,35
2009-03-11,6,9,20,21,31,34,48
2009-03-14,9,16,25,29,31,37,24
2009-03-18,2,5,22,25,39,41,27
2009-03-21,1,31,32,33,36,38,8
2009-03-25,13,23,26,27,37,49,47
2009-03-28,2,17,19,28,31,47,14
2009-04-01,3,5,14,19,24,40,38
2009-04-04,11,18,28,32,36,39,21
2009-04-08,8,10,21,23,25,48,3
2009-04-11,6,11,24,30,32,45,3
2009-04-15,5,9,18,23,31,39,37
2009-04-18,13,24,33,35,42,49,37
2009-04-22,11,21,34,42,43,45,20
2009-04-25,7,14,17,39,41,49,29
2009-04-29,1,15,35,42,45,48,38
2009-05-02,10,17,25,32,34,40,20
2009-05-06,1,8,10,13,20,34,28
2009-05-09,6,9,28,31,37,42,12
2009-05-13,13,16,19,31,37,47,5
2009-05-16,1,5,9,27,42,45,21
2009-05-20,9,10,30,37,45,46,29
2009-05-23,12,17,32,41,44,48,15
2009-05-27,2,12,24,31,41,48,40
2009-05-30,2,5,19,20,33,43,32
2009-06-03,4,6,22,31,33,35,3
2009-06-06,6,14,32,35,41,42,43
2009-06-10,3,8,21,23,30,46,26
2009-06-13,1,13,18,36,43,48,2
2009-06-17,8,10,11,14,28,36,18
2009-06-20,3,4,17,24,29,40,46
2009-06-24,10,17,20,21,23,31,32
2009-06-27,9,17,25,26,31,42,7
2009-07-01,1,2,11,31,38,43,46
2009-07-04,14,16,26,39,44,48,23
2009-07-08,10,16,21,22,35,49,31
2009-07-11,4,6,10,28,35,39,8
2009-07-15,5,8,10,29,39,41,15
2009-07-18,9,27,28,33,39,41,12
2009-07-22,2,22,23,31,35,40,20
2009-07-25,8,17,30,32,38,40,4
2009-07-29,3,13,19,20,23,26,1
2009-08-01,2,6,27,28,40,49,14
2009-08-05,1,16,18,32,39,44,33
2009-08-08,9,17,26,32,33,36,6
2009-08-12,9,20,21,27,39,40,14
2009-08-15,16,31,32,46,47,48,34
2009-08-19,10,23,26,30,41,45,49
2009-08-22,18,23,24,36,43,44,21
2009-08-26,3,9,11,17,27,48,6
2009-08-29,9,18,34,37,39,47,5
2009-09-02,2,4,7,27,28,35,21
2009-09-05,12,19,22,26,36,41,39
2009-09-09,2,11,23,28,35,39,15
2009-09-12,18,20,24,30,43,44,47
2009-09-16,18,23,34,44,46,48,6
2009-09-19,18,20,31,33,43,45,1
2009-09-23,23,25,28,41,46,47,27
2009-09-26,3,5,17,32,40,43,29
2009-09-30,2,10,15,28,36,41,8
2009-10-03,14,21,23,32,36,46,17
2009-10-07,26,27,28,43,45,46,5
2009-10-10,17,36,37,40,43,45,34
2009-10-14,5,11,24,32,35,42,20
2009-10-17,11,25,27,32,37,43,3
2009-10-21,6,12,16,19,33,44,20
2009-10-24,5,9,12,31,32,38,3
2009-10-28,24,25,34,38,41,43,11
2009-10-31,12,18,26,35,40,44,49
2009-11-04,1,2,23,39,42,49,5
2009-11-07,19,21,39,44,45,49,47
2009-11-11,4,6,12,31,38,48,29
2009-11-14,1,5,9,20,23,39,38
2009-11-18,1,4,12,13,18,19,38
2009-11-21,9,24,30,32,36,40,35
2009-11-25,3,6,11,17,23,29,44
2009-11-28,3,4,27,30,36,47,8
2009-12-02,2,19,22,25,34,47,28
2009-12-05,8,20,36,43,45,49,12
2009-12-09,5,13,31,36,40,41,6
2009-12-12,3,13,22,23,39,45,4
2009-12-16,2,20,34,35,40,44,49
2009-12-19,1,20,28,33,40,45,35
2009-12-23,15,18,26,32,36,37,22
2009-12-26,2,8,23,25,36,42,30
2009-12-30,5,14,27,29,34,35,4
2010-01-02,26,29,30,42,43,47,18
2010-01-06,4,16,18,43,45,49,23
2010-01-09,20,24,33,34,37,48,25
2010-01-13,6,8,14,16,21,43,19
2010-01-16,4,7,10,14,27,42,25
2010-01-20,2,16,17,18,27,28,43
2010-01-23,3,7,8,16,19,30,9
2010-01-27,1,4,7,11,13,27,12
2010-01-30,2,3,4,19,23,40,22
2010-02-03,3,11,12,20,21,28,31
2010-02-06,3,12,15,17,22,29,5
2010-02-10,5,7,15,37,42,44,3
2010-02-13,16,22,24,30,39,44,9
2010-02-17,3,22,27,31,38,49,45
2010-02-20,8,24,27,31,34,36,19
2010-02-24,3,11,18,23,38,49,34
2010-02-27,7,14,17,42,44,45,47
2010-03-03,18,27,32,35,44,47,23
2010-03-06,6,13,27,28,34,42,43
2010-03-10,1,6,13,23,29,34,37
2010-03-13,23,25,28,33,44,49,46
2010-03-17,16,30,34,37,41,42,5
2010-03-20,5,11,13,18,25,46,26
2010-03-24,3,5,23,28,42,49,41
2010-03-27,6,11,15,32,38,42,24
2010-03-31,14,18,29,38,43,44,13
2010-04-03,8,9,19,28,31,37,45
2010-04-07,8,11,20,33,43,47,49
2010-04-10,6,9,11,21,40,48,27
2010-04-14,2,6,8,23,44,46,37
2010-04-17,3,10,29,31,36,44,45
2010-04-21,2,10,16,19,33,45,30
2010-04-24,1,4,12,23,33,40,35
2010-04-28,5,11,19,23,38,46,34
2010-05-01,6,15,28,29,30,47,19
2010-05-05,3,6,8,10,36,47,2
2010-05-08,1,26,28,32,46,48,10
2010-05-12,11,17,19,40,44,45,16
2010-05-15,1,4,24,26,27,48,28
2010-05-19,15,23,24,34,36,47,44
2010-05-22,1,4,16,37,47,49,27
2010-05-26,2,4,5,19,20,27,21
2010-05-29,2,17,36,39,42,48,41
2010-06-02,2,12,17,25,33,39,1
2010-06-05,5,22,23,24,26,29,31
2010-06-09,14,26,33,45,46,49,30
2010-06-12,1,16,17,19,33,34,9
2010-06-16,4,8,32,34,40,47,16
2010-06-19,34,37,39,41,42,47,45
2010-06-23,5,9,13,17,22,27,30
2010-06-26,18,26,33,35,37,47,3
2010-06-30,6,18,20,25,35,36,31
2010-07-03,8,31,37,43,44,48,14
2010-07-07,23,29,34,36,41,45,22
2010-07-10,3,5,30,31,38,47,37
2010-07-14,1,15,25,26,40,43,16
2010-07-17,15,28,32,43,44,45,20
2010-07-21,8,16,25,27,28,34,32
2010-07-24,24,26,33,35,43,44,27
2010-07-28,1,11,33,37,42,43,19
2010-07-31,10,24,30,33,40,45,16
2010-08-04,14,17,22,24,38,43,21
2010-08-07,13,16,22,25,31,39,7
2010-08-11,4,21,25,27,31,34,45
2010-08-14,5,13,17,31,42,46,4
2010-08-18,2,13,16,24,25,40,18
2010-08-21,8,15,19,26,33,36,1
2010-08-25,5,10,12,17,28,30,47
2010-08-28,3,17,32,35,43,49,27
2010-09-01,7,20,21,27,28,41,4
2010-09-04,16,19,26,27,41,47,34
2010-09-08,8,10,26,34,48,49,6
2010-09-11,4,20,21,35,39,40,28
2010-09-15,2,20,33,40,43,46,14
2010-09-18,4,5,16,17,20,32,3
2010-09-22,9,12,27,29,41,47,19
2010-09-25,19,22,30,33,35,39,5
2010-09-29,21,25,29,32,38,44,14
2010-10-02,10,16,25,26,32,40,46
2010-10-06,9,17,18,23,30,35,14
2010-10-09,5,11,19,29,33,35,46
2010-10-13,18,19,24,26,27,44,8
2010-10-16,6,30,34,38,45,48,32
2010-10-20,14,30,31,36,44,47,26
2010-10-23,2,3,14,29,35,42,12
2010-10-27,3,5,11,16,41,48,32
2010-10-30,2,22,32,33,37,45,11
2010-11-03,13,21,28,37,39,45,6
2010-11-06,12,22,30,31,34,39,36
2010-11-10,15,26,30,35,40,41,34
2010-11-13,5,11,29,31,35,39,45
2010-11-17,3,6,27,29,33,41,8
2010-11-20,6,7,8,17,27,46,29
2010-11-24,11,30,38,45,46,49,37
2010-11-27,4,10,18,41,42,47,8
2010-12-01,20,21,22,24,27,34,29
2010-12-04,4,15,19,44,45,49,11
2010-12-08,14,16,23,24,25,43,48
2010-12-11,11,15,24,33,43,49,27
2010-12-15,6,9,31,33,40,45,41
2010-12-18,9,21,35,38,46,49,40
2010-12-22,7,13,33,37,48,49,20
2010-12-25,13,15,22,25,33,34,17
2010-12-29,2,3,16,26,34,39,49
2011-01-01,4,9,33,34,36,45,26
2011-01-05,4,10,35,36,43,46,6
2011-01-08,13,14,32,35,41,47,46
2011-01-12,11,12,17,19,24,47,37
2011-01-15,7,8,21,24,33,34,2
2011-01-19,9,18,34,41,42,43,33
2011-01-22,4,14,18,24,41,44,25
2011-01-26,14,17,20,43,47,49,31
2011-01-29,5,20,25,30,36,47,15
2011-02-02,2,17,20,42,46,48,44
2011-02-05,33,34,37,40,41,47,5
2011-02-09,2,6,8,9,36,39,29
2011-02-12,16,24,27,28,30,36,35
2011-02-16,5,11,15,26,29,32,49
2011-02-19,6,16,26,32,34,46,33
2011-02-23,1,8,15,21,31,39,32
2011-02-26,6,8,20,29,34,36,43
2011-03-02,1,25,27,41,46,49,4
2011-03-05,4,13,23,29,41,43,49
2011-03-09,9,11,37,40,41,49,33
2011-03-12,7,17,19,29,30,38,40
2011-03-16,2,15,16,18,47,48,21
2011-03-19,10,26,28,34,35,39,17
2011-03-23,6,18,23,26,32,44,34
2011-03-26,2,9,16,21,31,44,38
2011-03-30,10,16,17,21,39,41,47
2011-04-02,12,14,32,44,48,49,25
2011-04-06,7,11,13,14,38,41,45
2011-04-09,6,8,17,21,39,47,22
2011-04-13,1,14,25,33,34,43,15
2011-04-16,4,34,40,41,44,49,46
2011-04-20,3,5,8,9,18,44,42
2011-04-23,5,6,18,36,44,49,10
2011-04-27,6,15,27,32,37,44,3
2011-04-30,1,6,12,29,36,44,21
2011-05-04,2,3,7,17,21,32,1
2011-05-07,17,18,24,29,35,48,3
2011-05-11,17,30,33,34,38,48,9
2011-05-14,8,18,27,28,46,48,44
2011-05-18,6,15,20,36,38,42,4
2011-05-21,4,17,23,24,30,35,5
2011-05-25,7,8,17,30,46,48,34
2011-05-28,2,3,17,23,40,43,31
2011-06-01,2,7,9,18,38,45,42
2011-06-04,7,21,25,32,43,44,27
2011-06-08,3,19,36,40,43,48,21
2011-06-11,9,11,35,37,40,45,26
2011-06-15,9,25,29,32,37,38,28
2011-06-18,3,8,10,35,38,39,31
2011-06-22,16,22,23,36,45,48,19
2011-06-25,5,9,15,30,32,39,31
2011-06-29,5,6,13,21,31,47,30
2011-07-02,10,18,34,35,39,48,6
2011-07-06,26,32,34,35,41,48,1
2011-07-09,1,2,21,24,33,49,39
2011-07-13,7,11,15,18,19,49,25
2011-07-16,4,9,13,15,18,40,30
2011-07-20,6,10,15,32,42,49,4
2011-07-23,1,2,11,30,33,45,39
2011-07-27,4,16,22,34,39,42,35
2011-07-30,4,10,29,32,34,40,48
2011-08-03,18,19,26,39,40,47,4
2011-08-06,1,14,18,24,26,28,19
2011-08-10,2,4,7,27,43,44,45
2011-08-13,5,30,31,33,35,45,3
2011-08-17,3,19,32,40,47,48,37
2011-08-20,2,3,18,30,34,35,24
2011-08-24,11,27,46,47,48,49,42
2011-08-27,6,7,29,32,41,46,49
2011-08-31,5,26,43,46,47,49,28
2011-09-03,4,17,20,26,29,36,31
2011-09-07,4,29,31,36,38,48,35
2011-09-10,5,7,9,10,22,47,37
2011-09-14,23,28,29,37,38,42,49
2011-09-17,2,3,6,41,44,45,10
2011-09-21,11,15,32,33,37,39,28
2011-09-24,10,16,29,34,37,47,31
2011-09-28,15,19,25,36,44,45,43
2011-10-01,4,15,17,26,37,41,29
2011-10-05,9,15,17,29,30,39,11
2011-10-08,6,16,22,26,30,34,45
2011-10-12,13,24,25,26,37,40,30
2011-10-15,7,12,27,34,41,46,14
2011-10-19,13,14,18,32,34,49,20
2011-10-22,20,27,28,34,43,44,1
2011-10-26,4,23,34,38,39,41,27
2011-10-29,5,9,14,28,46,49,45
2011-11-02,11,12,33,37,38,49,3
2011-11-05,14,16,23,24,27,39,43
2011-11-09,2,8,10,23,27,32,44
2011-11-12,6,12,13,28,33,38,10
2011-11-16,10,12,26,27,39,40,20
2011-11-19,1,29,31,32,34,36,45
2011-11-23,4,11,19,22,31,48,6
2011-11-26,13,16,25,26,36,46,15
2011-11-30,13,23,24,25,26,30,4
2011-12-03,1,30,35,47,48,49,8
2011-12-07,10,14,27,31,32,47,41
2011-12-10,16,21,24,29,30,39,20
2011-12-14,3,10,25,28,30,43,31
2011-12-17,1,22,35,39,42,48,12
2011-12-21,7,28,30,34,38,45,6
2011-12-24,1,15,23,32,36,43,19
2011-12-28,8,11,13,17,48,49,19
2011-12-31,7,11,37,38,42,44,2
2012-01-04,9,26,28,30,42,43,2
2012-01-07,8,14,15,17,20,47,38
2012-01-11,2,9,27,33,39,40,45
2012-01-14,7,10,12,15,25,42,33
2012-01-18,9,22,31,34,35,43,20
2012-01-21,5,17,32,39,42,49,19
2012-01-25,2,8,26,30,39,45,46
2012-01-28,10,12,25,28,31,40,1
2012-02-01,7,17,21,22,38,39,3
2012-02-04,4,7,40,41,45,48,46
2012-02-08,7,13,16,31,36,44,26
2012-02-11,1,23,24,31,45,49,6
2012-02-15,9,28,30,33,40,44,16
2012-02-18,2,19,22,30,33,41,24
2012-02-22,7,12,15,35,43,49,8
2012-02-25,7,25,26,27,29,32,33
2012-02-29,13,14,29,41,46,49,43
2012-03-03,7,20,23,28,31,40,42
2012-03-07,2,8,11,28,35,44,17
2012-03-10,1,3,12,23,37,43,33
2012-03-14,14,15,18,26,31,36,48
2012-03-17,1,3,16,20,37,40,15
2012-03-21,10,14,21,25,39,45,40
2012-03-24,6,24,27,31,39,45,32
2012-03-28,3,8,16,22,38,39,26
2012-03-31,2,5,18,40,47,49,19
2012-04-04,9,23,26,33,40,44,31
2012-04-07,12,16,23,25,31,42,18
2012-04-11,20,27,33,41,44,46,12
2012-04-14,1,5,15,22,26,42,40
2012-04-18,7,8,16,22,24,28,48
2012-04-21,10,23,25,34,41,47,30
2012-04-25,8,13,18,21,40,44,42
2012-04-28,1,3,9,23,37,46,6
2012-05-02,18,22,25,35,39,41,31
2012-05-05,4,13,17,26,27,40,36
2012-05-09,2,7,8,10,22,23,46
2012-05-12,1,5,18,21,23,33,20
2012-05-16,5,6,21,41,48,49,37
2012-05-19,1,19,39,40,42,46,22
2012-05-23,3,4,18,24,44,49,17
2012-05-26,2,6,7,15,25,44,45
2012-05-30,7,14,25,33,45,48,11
2012-06-02,16,18,20,25,29,34,15
2012-06-06,9,17,20,27,37,41,3
2012-06-09,5,14,24,26,37,44,30
2012-06-13,12,25,29,34,45,47,16
2012-06-16,3,19,21,37,40,49,35
2012-06-20,6,10,12,30,36,49,4
2012-06-23,3,25,28,30,39,45,5
2012-06-27,10,22,29,39,46,47,9
2012-06-30,1,18,19,24,30,38,41
2012-07-04,3,9,14,19,34,38,36
2012-07-07,5,22,23,30,33,45,6
2012-07-11,12,19,28,29,38,49,30
2012-07-14,13,27,29,42,43,46,28
2012-07-18,11,26,34,38,40,46,7
2012-07-21,5,14,20,40,41,42,8
2012-07-25,8,14,15,22,41,48,43
2012-07-28,7,10,22,29,43,44,26
2012-08-01,13,20,24,27,33,39,6
2012-08-04,8,10,15,21,23,45,43
2012-08-08,6,14,19,22,30,36,23
2012-08-11,1,5,14,18,34,44,23
2012-08-15,10,14,35,36,37,46,43
2012-08-18,21,27,38,42,44,46,41
2012-08-22,3,11,23,28,30,48,29
2012-08-25,12,18,23,31,44,48,40
2012-08-29,4,7,12,28,32,37,14
2012-09-01,15,30,36,39,41,49,2
2012-09-05,17,22,26,27,39,41,43
2012-09-08,8,15,21,26,28,32,29
2012-09-12,14,16,21,22,24,41,32
2012-09-15,14,18,19,35,44,45,33
2012-09-19,5,14,19,23,33,48,40
2012-09-22,10,13,29,31,36,45,44
2012-09-26,6,8,11,39,40,43,22
2012-09-29,1,6,7,8,25,42,39
2012-10-03,3,9,11,29,45,46,19
2012-10-06,1,11,16,18,27,42,4
2012-10-10,15,19,23,29,30,46,2
2012-10-13,14,26,30,32,36,48,15
2012-10-17,4,7,19,21,39,49,26
2012-10-20,9,10,24,37,39,40,36
2012-10-24,1,10,19,36,47,48,11
2012-10-27,7,14,20,30,33,46,27
2012-10-31,7,30,32,36,40,41,45
2012-11-03,5,7,9,17,20,45,10
2012-11-07,14,19,35,36,40,45,48
2012-11-10,10,23,24,25,30,37,45
2012-11-14,14,15,17,29,30,33,37
2012-11-17,17,19,20,21,25,26,14
2012-11-21,4,12,19,22,36,40,44
2012-11-24,2,4,27,34,39,44,37
2012-11-28,14,28,37,38,45,48,18
2012-12-01,5,27,31,32,38,49,1
2012-12-05,3,4,14,31,48,49,45
2012-12-08,29,33,35,36,45,48,27
2012-12-12,9,15,18,33,38,44,16
2012-12-15,6,19,22,23,28,29,18
2012-12-19,4,26,33,41,48,49,19
2012-12-22,4,14,28,34,43,44,13
2012-12-26,3,11,17,39,47,49,34
2012-12-29,6,8,31,37,40,48,36
2013-01-02,7,9,20,21,30,37,42
2013-01-05,10,15,17,21,37,47,2
2013-01-09,5,21,24,25,39,48,32
2013-01-12,3,7,11,12,24,27,13
2013-01-16,5,12,13,35,38,47,45
2013-01-19,5,9,13,16,35,39,11
2013-01-23,6,10,14,24,32,41,29
2013-01-26,2,6,21,29,34,47,11
2013-01-30,9,10,24,43,47,48,5
2013-02-02,2,12,13,14,21,30,39
2013-02-06,9,10,16,18,27,42,43
2013-02-09,8,10,27,34,40,41,48
2013-02-13,6,14,20,23,29,49,48
2013-02-16,7,20,27,39,46,48,49
2013-02-20,3,6,36,44,45,48,47
2013-02-23,2,16,25,30,31,32,36
2013-02-27,2,14,20,23,24,30,22
2013-03-02,6,9,23,31,35,48,11
2013-03-06,3,9,14,38,42,47,19
2013-03-09,12,19,25,36,44,46,18
2013-03-13,6,8,21,23,41,46,5
2013-03-16,1,11,12,27,48,49,19
2013-03-20,4,11,14,27,43,46,42
2013-03-23,3,14,16,19,37,44,31
2013-03-27,8,10,22,24,37,44,2
2013-03-30,8,15,24,40,43,45,33
2013-04-03,5,11,21,32,42,48,28
2013-04-06,11,21,22,41,47,48,36
2013-04-10,3,16,27,33,36,42,12
2013-04-13,3,13,23,27,41,49,6
2013-04-17,12,14,16,18,20,33,35
2013-04-20,8,34,38,42,44,46,14
2013-04-24,9,11,16,17,18,38,47
2013-04-27,1,13,25,39,41,44,26
2013-05-01,7,8,11,12,39,42,2
2013-05-04,11,12,22,27,40,44,37
2013-05-08,12,15,20,31,33,40,38
2013-05-11,9,12,24,25,26,43,3
2013-05-15,4,5,6,20,30,35,34
2013-05-18,3,5,24,31,48,49,15
2013-05-22,10,23,35,39,45,46,1
2013-05-25,5,6,26,30,33,40,43
2013-05-29,3,5,25,33,34,35,14
2013-06-01,11,13,24,32,34,47,9
2013-06-05,10,18,35,38,41,43,21
2013-06-08,8,9,13,17,41,43,14
2013-06-12,2,7,10,15,17,28,24
2013-06-15,3,4,16,20,33,44,27
2013-06-19,6,9,13,35,36,47,31
2013-06-22,8,24,26,28,36,43,34
2013-06-26,8,11,29,34,40,41,35
2013-06-29,7,13,25,31,34,45,4
2013-07-03,15,27,31,40,41,49,1
2013-07-06,16,24,27,39,45,49,44
2013-07-10,3,9,10,16,20,22,35
2013-07-13,12,15,24,36,45,49,32
2013-07-17,6,24,33,38,42,43,11
2013-07-20,1,3,17,19,39,42,31
2013-07-24,22,26,30,40,42,47,4
2013-07-27,12,13,18,39,43,49,37
2013-07-31,10,16,33,38,40,44,32
2013-08-03,3,5,9,13,17,37,15
2013-08-07,3,16,20,26,28,43,15
2013-08-10,14,15,17,26,35,46,18
2013-08-14,12,18,38,39,45,49,19
2013-08-17,15,25,26,33,34,41,43
2013-08-21,3,4,27,29,47,49,23
2013-08-24,5,20,26,40,42,48,1
2013-08-28,1,5,17,19,37,47,11
2013-08-31,4,14,15,17,21,31,48
2013-09-04,6,7,8,13,24,28,18
2013-09-07,1,11,12,13,35,42,5
2013-09-11,7,24,27,31,40,41,33
2013-09-14,18,20,24,30,39,48,46
2013-09-18,2,4,5,17,22,29,14
2013-09-21,11,15,36,37,38,45,9
2013-09-25,5,7,20,24,30,41,37
2013-09-28,10,12,14,25,46,48,31
2013-10-02,16,17,21,27,30,37,15
2013-10-05,5,15,17,19,20,47,38
2013-10-09,4,11,27,34,36,45,9
2013-10-12,5,12,21,26,33,45,35
2013-10-16,12,15,24,26,31,35,36
2013-10-19,3,12,19,21,29,31,15
2013-10-23,10,18,27,37,41,47,33
2013-10-26,10,14,20,22,45,49,9
2013-10-30,20,23,26,29,34,41,32
2013-11-02,10,28,32,36,37,49,27
2013-11-06,5,6,14,18,29,33,7
2013-11-09,1,2,6,29,32,47,13
2013-11-13,4,6,15,23,36,44,11
2013-11-16,3,19,21,30,41,47,38
2013-11-20,5,11,15,23,35,39,44
2013-11-23,12,16,22,35,38,48,15
2013-11-27,15,19,22,25,42,48,14
2013-11-30,9,16,19,31,36,37,15
2013-12-04,6,12,16,18,21,29,26
2013-12-07,10,12,17,28,30,42,25
2013-12-11,1,8,10,14,18,37,27
2013-12-14,13,21,24,29,35,41,8
2013-12-18,2,7,25,35,40,42,13
2013-12-21,12,18,25,28,33,40,17
2013-12-25,4,8,9,10,21,24,31
2013-12-28,16,24,25,30,34,45,49
2014-01-01,9,12,16,22,26,48,14
2014-01-04,4,11,18,28,41,44,8
2014-01-08,19,23,31,36,45,46,27
2014-01-11,22,23,25,27,28,46,24
2014-01-15,4,11,13,24,32,46,19
2014-01-18,7,12,23,27,30,31,33
2014-01-22,2,6,9,18,24,35,19
2014-01-25,4,15,21,30,41,49,11
2014-01-29,9,29,37,38,42,46,35
2014-02-01,27,34,35,36,41,48,29
2014-02-05,12,13,28,33,46,49,29
2014-02-08,8,25,27,36,39,44,4
2014-02-12,3,7,20,24,30,39,48
2014-02-15,15,17,19,22,33,40,27
2014-02-19,17,19,35,37,46,48,2
2014-02-22,19,23,34,35,39,49,33
2014-02-26,3,10,11,24,25,35,43
2014-03-01,4,9,10,13,29,40,45
2014-03-05,1,4,5,8,25,46,30
2014-03-08,2,9,12,26,31,44,5
2014-03-12,11,12,16,20,35,46,34
2014-03-15,14,19,22,25,38,48,8
2014-03-19,4,21,25,27,31,49,26
2014-03-22,17,20,28,39,43,44,40
2014-03-26,20,29,33,35,37,40,5
2014-03-29,8,14,16,21,47,49,29
2014-04-02,14,16,20,38,39,45,23
2014-04-05,3,7,20,31,43,45,41
2014-04-09,8,17,20,32,41,43,9
2014-04-12,4,17,22,26,31,47,32
2014-04-16,1,6,10,23,25,40,32
2014-04-19,13,20,31,34,36,44,11
2014-04-23,16,18,29,34,35,39,40
2014-04-26,17,22,23,33,36,42,12
2014-04-30,9,25,34,37,44,45,6
2014-05-03,1,7,9,27,30,48,28
2014-05-07,16,17,22,38,44,49,14
2014-05-10,3,5,8,10,16,17,46
2014-05-14,15,26,29,35,36,41,19
2014-05-17,10,19,20,33,43,46,25
2014-05-21,2,5,9,28,29,48,36
2014-05-24,10,31,35,40,41,44,46
2014-05-28,18,26,32,36,40,45,21
2014-05-31,7,9,18,24,39,40,4
2014-06-04,14,19,30,31,47,48,16
2014-06-07,5,10,16,23,31,44,37
2014-06-11,11,13,14,28,40,42,48
2014-06-14,9,18,22,23,29,33,15
2014-06-18,10,11,18,23,26,37,6
2014-06-21,3,7,13,17,27,40,19
2014-06-25,5,15,19,25,34,36,40
2014-06-28,8,12,28,30,43,49,42
2014-07-02,1,18,20,38,43,48,42
2014-07-05,8,15,23,24,28,34,9
2014-07-09,3,8,11,12,39,43,18
2014-07-12,3,19,23,28,37,43,34
2014-07-16,4,11,22,27,47,49,33
2014-07-19,5,9,14,25,34,38,40
2014-07-23,14,18,20,30,43,47,35
2014-07-26,8,14,22,26,35,37,11
2014-07-30,2,5,11,22,24,42,1
2014-08-02,13,23,28,37,42,45,25
2014-08-06,17,21,29,33,35,46,28
2014-08-09,16,36,40,43,45,47,10
2014-08-13,5,9,11,20,23,30,45
2014-08-16,1,3,25,33,36,42,14
2014-08-20,6,12,15,24,35,47,22
2014-08-23,1,7,11,38,41,42,45
2014-08-27,5,17,29,36,37,49,2
2014-08-30,1,19,20,30,35,46,40
2014-09-03,12,22,23,27,34,35,25
2014-09-06,11,29,32,37,40,48,14
2014-09-10,13,16,18,24,31,43,2
2014-09-13,12,15,22,29,30,35,44
2014-09-17,9,19,22,34,41,46,6
2014-09-20,2,6,22,26,33,48,43
2014-09-24,4,8,29,33,38,48,15
2014-09-27,1,3,7,19,20,46,15
2014-10-01,1,4,5,7,18,47,6
2014-10-04,4,18,24,34,36,48,10
2014-10-08,4,27,28,29,34,43,20
2014-10-11,2,5,8,23,26,32,18
2014-10-15,6,19,24,26,42,43,23
2014-10-18,1,22,30,33,40,47,42
2014-10-22,5,24,28,36,42,47,8
2014-10-25,11,15,17,30,43,49,3
2014-10-29,13,14,17,25,31,49,18
2014-11-01,3,5,9,28,35,47,14
2014-11-05,2,5,21,25,34,36,28
2014-11-08,6,7,22,27,35,42,1
2014-11-12,5,9,10,13,41,44,39
2014-11-15,5,26,28,30,42,44,40
2014-11-19,2,15,35,36,38,39,4
2014-11-22,2,3,5,15,22,29,26
2014-11-26,26,28,29,30,41,49,31
2014-11-29,6,11,18,19,38,42,17
2014-12-03,4,17,19,25,35,37,7
2014-12-06,19,23,40,43,45,49,8
2014-12-10,14,15,31,36,42,47,1
2014-12-13,18,30,33,34,38,48,36
2014-12-17,2,19,24,33,35,46,12
2014-12-20,18,22,23,32,40,42,28
2014-12-24,7,9,13,44,47,48,22
2014-12-27,11,23,28,30,32,46,49
2014-12-31,12,18,22,37,38,49,35
2015-01-03,10,15,17,18,19,31,24
2015-01-07,4,5,10,12,20,23,24
2015-01-10,13,14,16,24,41,43,39
2015-01-14,17,20,28,29,33,36,23
2015-01-17,29,37,42,46,47,49,4
2015-01-21,1,6,32,34,37,45,26
2015-01-24,4,8,19,35,44,49,17
2015-01-28,3,4,17,24,30,34,36
2015-01-31,7,10,16,33,39,44,15
2015-02-04,10,13,17,22,40,46,32
2015-02-07,3,6,15,17,18,35,22
2015-02-11,8,9,10,21,35,41,22
2015-02-14,7,20,23,29,40,46,22
2015-02-18,21,23,25,34,42,49,30
2015-02-21,1,19,24,27,38,48,36
2015-02-25,12,14,15,20,40,41,42
2015-02-28,4,7,9,10,19,47,43
2015-03-04,3,8,19,27,42,43,46
2015-03-07,2,17,21,26,30,48,31
2015-03-11,7,9,21,22,24,47,25
2015-03-14,6,17,24,29,33,36,45
2015-03-18,4,7,9,17,20,48,11
2015-03-21,1,5,7,21,37,49,30
2015-03-25,3,17,20,24,38,43,12
2015-03-28,3,4,6,21,23,44,48
2015-04-01,11,15,18,22,41,49,37
2015-04-04,1,18,20,31,38,47,43
2015-04-08,18,28,30,31,41,46,1
2015-04-11,17,22,24,28,33,46,19
2015-04-15,1,18,22,25,31,39,42
2015-04-18,1,23,27,36,43,45,10
2015-04-22,15,21,28,35,42,43,23
2015-04-25,4,11,27,28,30,49,47
2015-04-29,3,4,25,27,42,45,7
2015-05-02,7,10,11,30,31,42,36
2015-05-06,1,11,14,15,19,41,40
2015-05-09,5,17,22,31,40,48,18
2015-05-13,1,5,21,33,34,47,31
2015-05-16,7,11,15,32,46,48,17
2015-05-20,6,9,22,38,39,41,37
2015-05-23,1,8,22,30,34,40,25
2015-05-27,12,27,28,39,41,48,3
2015-05-30,6,7,23,27,38,49,24
2015-06-03,17,32,39,40,43,49,2
2015-06-06,10,14,19,24,28,33,6
2015-06-10,23,29,30,39,42,49,5
2015-06-13,18,23,25,37,39,47,17
2015-06-17,2,8,12,15,21,42,22
2015-06-20,1,6,23,25,32,35,27
2015-06-24,14,23,28,33,35,42,4
2015-06-27,2,4,8,21,30,38,22
2015-07-01,4,10,13,18,29,33,49
2015-07-04,13,14,35,39,46,49,3
2015-07-08,3,10,35,38,40,41,27
2015-07-11,6,12,32,36,38,47,1
2015-07-15,4,7,14,21,22,29,41
2015-07-18,8,15,17,33,41,47,35
2015-07-22,7,23,26,33,38,45,29
2015-07-25,2,4,5,15,20,48,37
2015-07-29,18,21,31,42,45,47,19
2015-08-01,1,16,27,42,46,47,24
2015-08-05,5,8,12,28,39,41,18
2015-08-08,6,22,28,30,39,44,33
2015-08-12,6,15,17,20,24,25,37
2015-08-15,4,8,10,21,41,49,28
2015-08-19,5,6,7,25,27,33,34
2015-08-22,7,19,22,28,40,44,31
2015-08-26,3,4,7,18,48,49,32
2015-08-29,12,18,23,33,42,43,10
2015-09-02,2,9,27,29,33,40,46
2015-09-05,24,29,33,40,43,49,22
2015-09-09,6,18,20,21,29,31,3
2015-09-12,14,20,28,31,40,46,44
2015-09-16,12,14,21,22,37,43,36
2015-09-19,14,26,28,31,32,44,22
2015-09-23,9,17,21,23,35,36,37
2015-09-26,9,17,31,33,41,42,26
2015-09-30,5,8,11,17,40,45,6
2015-10-03,7,8,9,14,35,44,4
2015-10-07,5,7,11,30,44,49,25
2015-10-10,2,3,16,32,53,54,8
2015-10-14,7,13,20,27,39,52,35
2015-10-17,8,30,37,40,46,50,36
2015-10-21,13,14,21,25,51,53,39
2015-10-24,29,31,43,55,58,59,11
2015-10-28,26,36,41,46,49,52,9
2015-10-31,26,39,41,42,55,59,16
2015-11-04,11,13,18,25,29,47,59
2015-11-07,2,3,34,43,49,50,38
2015-11-11,2,17,27,28,51,52,14
2015-11-14,2,23,39,54,55,57,11
2015-11-18,9,23,30,46,49,55,37
2015-11-21,2,8,10,11,32,47,18
2015-11-25,18,29,38,41,43,57,8
2015-11-28,7,12,20,24,34,52,18
2015-12-02,9,11,14,28,37,42,12
2015-12-05,10,11,15,50,51,56,23
2015-12-09,3,8,14,28,34,53,32
2015-12-12,15,22,25,40,53,57,23
2015-12-16,10,12,35,46,48,57,14
2015-12-19,13,14,27,46,48,50,42
2015-12-23,1,2,4,19,28,41,32
2015-12-26,17,21,31,38,44,58,20
2015-12-30,22,31,47,52,55,59,23
2016-01-02,12,25,29,40,48,56,52
2016-01-06,8,30,40,50,54,57,13
2016-01-09,26,27,46,47,52,58,48
2016-01-13,4,12,38,46,57,59,8
2016-01-16,1,8,12,25,43,52,38
2016-01-20,18,36,37,38,54,57,14
2016-01-23,8,9,10,11,41,54,24
2016-01-27,8,38,41,42,50,58,24
2016-01-30,1,6,21,31,41,44,42
2016-02-03,23,25,34,36,37,54,49
2016-02-06,10,12,18,34,52,56,50
2016-02-10,2,13,25,32,37,39,48
2016-02-13,15,16,23,39,48,59,36
2016-02-17,5,15,33,47,51,59,7
2016-02-20,2,17,35,41,57,59,42
2016-02-24,4,14,18,19,26,27,25
2016-02-27,11,14,22,37,53,56,55
2016-03-02,4,15,21,26,39,58,20
2016-03-05,11,19,29,37,40,41,47
2016-03-09,26,31,35,37,40,49,36
2016-03-12,13,21,30,39,51,56,1
2016-03-16,13,14,31,42,44,58,1
2016-03-19,21,27,31,34,40,54,22
2016-03-23,7,14,21,35,41,42,43
2016-03-26,5,12,43,51,53,57,28
2016-03-30,5,13,24,31,40,41,7
2016-04-02,7,14,20,33,47,55,15
2016-04-06,15,17,31,41,50,57,5
2016-04-09,20,22,25,34,47,51,18
2016-04-13,13,15,17,19,35,57,21
2016-04-16,2,5,14,42,51,55,54
2016-04-20,1,7,9,10,12,31,28
2016-04-23,2,14,26,35,44,59,24
2016-04-27,12,24,29,34,39,57,28
2016-04-30,1,2,5,38,53,56,31
2016-05-04,1,2,3,4,20,21,22
2016-05-07,4,14,17,27,34,36,28
2016-05-11,13,22,23,33,49,54,53
2016-05-14,9,12,23,24,32,51,16
2016-05-18,1,3,28,34,37,46,59
2016-05-21,6,7,19,28,30,52,46
2016-05-25,6,20,33,44,45,55,16
2016-05-28,8,10,36,40,52,57,59
2016-06-01,23,27,36,39,41,49,6
2016-06-04,7,32,34,48,55,58,30
2016-06-08,28,33,43,49,55,58,21
2016-06-11,4,17,30,38,47,55,3
2016-06-15,2,14,19,20,29,38,27
2016-06-18,10,17,26,31,35,38,47
2016-06-22,11,25,36,39,40,57,37
2016-06-25,13,14,18,22,24,56,16
2016-06-29,10,19,21,45,46,56,2
2016-07-02,3,9,16,19,24,43,13
2016-07-06,1,3,20,24,38,39,4
2016-07-09,1,3,22,29,36,42,12
2016-07-13,1,22,30,34,57,58,51
2016-07-16,10,14,17,32,36,50,41
2016-07-20,18,29,30,37,46,59,23
2016-07-23,19,20,30,37,54,59,25
2016-07-27,9,24,26,38,40,46,30
2016-07-30,14,26,28,41,51,57,48
2016-08-03,16,17,22,38,41,55,5
2016-08-06,34,39,42,47,53,54,8
2016-08-10,11,17,35,36,40,59,39
2016-08-13,12,20,31,39,43,46,38
2016-08-17,4,15,27,36,37,59,55
2016-08-20,8,18,26,35,41,52,17
2016-08-24,4,10,15,37,38,59,1
2016-08-27,5,10,22,23,34,54,8
2016-08-31,15,16,26,45,47,49,50
2016-09-03,2,6,17,28,38,55,37
2016-09-07,3,10,12,29,30,44,11
2016-09-10,6,17,37,46,47,51,2
2016-09-14,16,23,35,42,44,58,28
2016-09-17,10,14,25,29,52,54,37
2016-09-21,20,21,28,33,49,56,43
2016-09-24,11,24,34,43,44,47,42
2016-09-28,19,29,37,41,51,53,55
2016-10-01,4,5,18,28,43,58,55
2016-10-05,11,16,25,37,43,44,39
2016-10-08,11,17,20,32,40,42,27
2016-10-12,2,22,29,30,36,58,53
2016-10-15,14,16,25,42,46,51,53
2016-10-19,2,3,4,32,54,59,12
2016-10-22,9,19,26,27,45,50,23
2016-10-26,5,11,27,29,52,53,13
2016-10-29,7,8,16,24,29,58,42
2016-11-02,5,14,19,24,31,38,29
2016-11-05,8,12,16,26,45,49,27
2016-11-09,12,13,30,34,39,52,38
2016-11-12,3,11,16,31,44,55,8
2016-11-16,7,12,33,47,50,51,40
2016-11-19,5,7,8,16,28,37,40
2016-11-23,2,4,8,25,38,39,29
2016-11-26,1,2,28,40,48,49,17
2016-11-30,10,20,25,39,45,55,22
2016-12-03,3,8,9,19,21,54,31
2016-12-07,16,27,31,32,44,58,42
2016-12-10,11,26,31,32,33,46,20
2016-12-14,3,7,8,9,40,58,36
2016-12-17,2,11,18,32,40,54,8
2016-12-21,10,13,22,35,42,52,27
2016-12-24,16,19,29,46,54,58,12
2016-12-28,5,40,47,48,52,54,33
2016-12-31,10,17,35,41,51,54,25
2017-01-04,10,29,37,42,48,49,32
2017-01-07,8,16,33,36,45,51,38
2017-01-11,21,26,29,35,46,59,10
2017-01-14,14,19,21,36,53,54,33
2017-01-18,8,14,20,27,28,53,45
2017-01-21,4,13,37,40,52,58,51
2017-01-25,4,9,20,23,37,53,39
2017-01-28,5,21,23,34,43,45,20
2017-02-01,6,8,15,31,45,58,39
2017-02-04,6,9,27,30,40,50,22
2017-02-08,7,23,41,44,49,54,37
2017-02-11,15,18,23,42,43,52,28
2017-02-15,17,23,28,38,47,56,31
2017-02-18,11,13,21,37,49,59,4
2017-02-22,1,16,28,31,38,54,5
2017-02-25,18,24,34,38,41,49,26
2017-03-01,2,7,21,22,47,53,42
2017-03-04,24,38,39,40,49,56,21
2017-03-08,11,19,22,42,43,49,48
2017-03-11,6,15,23,29,55,57,46
2017-03-15,6,24,27,38,39,58,55
2017-03-18,3,8,19,26,37,41,43
2017-03-22,6,11,12,19,27,31,42
2017-03-25,39,48,52,53,54,58,28
2017-03-29,5,6,16,32,42,51,39
2017-04-01,1,2,11,23,25,54,14
2017-04-05,10,16,18,32,42,45,30
2017-04-08,14,23,36,45,47,50,21
2017-04-12,3,16,34,42,49,52,50
2017-04-15,8,10,16,19,23,31,48
2017-04-19,4,27,47,54,55,59,45
2017-04-22,4,6,34,37,42,52,24
2017-04-26,12,15,30,43,47,59,41
2017-04-29,24,29,30,36,46,48,7
2017-05-03,13,22,24,34,41,57,40
2017-05-06,5,34,36,38,39,48,30
2017-05-10,7,12,17,35,37,58,25
2017-05-13,7,14,15,21,23,57,52
2017-05-17,3,19,20,24,30,38,41
2017-05-20,7,8,13,29,43,53,16
2017-05-24,3,30,44,45,55,59,37
2017-05-27,20,22,31,39,41,54,33
2017-05-31,18,23,28,52,56,59,36
2017-06-03,12,19,21,38,47,51,48
2017-06-07,6,8,12,36,37,41,50
2017-06-10,10,18,28,35,36,50,2
2017-06-14,2,4,14,23,34,46,45
2017-06-17,1,11,16,20,24,44,42
2017-06-21,1,3,5,11,15,43,48
2017-06-24,4,16,26,39,42,54,24
2017-06-28,2,10,21,23,54,56,44
2017-07-01,2,19,36,52,54,59,6
2017-07-05,16,18,25,27,29,57,4
2017-07-08,1,11,18,27,32,50,25
2017-07-12,7,14,19,38,40,45,18
2017-07-15,7,8,14,47,56,58,23
2017-07-19,2,6,14,16,25,36,42
2017-07-22,5,13,21,35,41,47,23
2017-07-26,5,10,29,35,55,56,30
2017-07-29,1,26,41,55,56,59,36
2017-08-02,4,6,24,35,45,52,8
2017-08-05,14,24,30,45,49,56,27
2017-08-09,5,9,25,34,51,59,44
2017-08-12,10,27,49,52,55,56,17
2017-08-16,7,17,28,43,44,45,54
2017-08-19,12,25,39,46,52,55,3
2017-08-23,8,16,21,41,44,56,45
2017-08-26,20,25,34,41,42,52,58
2017-08-30,34,42,46,57,58,59,38
2017-09-02,30,33,35,40,41,59,8
2017-09-06,16,30,34,50,52,53,46
2017-09-09,4,7,13,49,56,58,6
2017-09-13,4,11,14,21,29,56,27
2017-09-16,1,6,31,37,49,50,38
2017-09-20,8,20,25,50,51,58,45
2017-09-23,17,18,26,39,54,56,57
2017-09-27,30,35,45,47,52,55,40
2017-09-30,13,18,21,30,50,54,20
2017-10-04,12,20,32,38,48,54,5
2017-10-07,15,20,30,37,47,51,21
2017-10-11,17,38,49,54,55,56,13
2017-10-14,6,22,40,43,47,58,42
2017-10-18,11,12,15,22,27,44,7
2017-10-21,3,31,37,41,44,59,32
2017-10-25,1,3,11,37,49,58,21
2017-10-28,8,15,33,42,55,58,53
2017-11-01,13,14,18,19,21,36,53
2017-11-04,6,20,23,29,35,53,57
2017-11-08,2,17,25,32,42,49,4
2017-11-11,4,16,27,30,41,49,54
2017-11-15,2,11,22,36,51,59,7
2017-11-18,1,20,24,36,54,58,11
2017-11-22,2,16,17,27,36,37,42
2017-11-25,4,7,29,45,54,56,8
2017-11-29,20,32,42,43,53,58,8
2017-12-02,4,9,13,32,46,50,52
2017-12-06,3,19,24,31,50,52,16
2017-12-09,2,32,37,39,46,54,19
2017-12-13,6,14,23,24,43,58,40
2017-12-16,22,25,35,45,46,57,14
2017-12-20,10,20,28,38,41,46,16
2017-12-23,20,32,36,44,47,56,41
2017-12-27,18,36,48,57,58,59,50
2017-12-30,33,37,42,47,55,58,34
2018-01-03,11,19,20,30,35,49,44
2018-01-06,18,28,31,32,44,51,50
2018-01-10,6,11,27,29,40,55,45
2018-01-13,6,7,9,18,35,46,5
2018-01-17,30,33,37,43,55,56,46
2018-01-20,2,10,19,28,29,31,47
2018-01-24,1,22,39,44,48,59,5
2018-01-27,29,33,43,45,49,56,16
2018-01-31,5,19,21,42,44,57,18
2018-02-03,8,26,27,29,49,58,38
2018-02-07,5,19,29,34,40,45,57
2018-02-10,3,12,15,29,51,58,13
2018-02-14,2,8,33,46,48,50,5
2018-02-17,5,8,9,10,38,53,56
2018-02-21,14,25,29,30,35,53,38
2018-02-24,2,11,35,40,48,55,7
2018-02-28,9,10,27,30,33,45,29
2018-03-03,15,19,20,29,42,50,36
2018-03-07,8,10,22,37,55,57,29
2018-03-10,3,7,36,42,53,59,50
2018-03-14,7,19,38,45,47,53,15
2018-03-17,7,8,13,24,45,46,39
2018-03-21,2,35,44,51,54,55,45
2018-03-24,3,11,16,36,43,59,49
2018-03-28,2,6,7,15,52,54,45
2018-03-31,6,8,20,26,35,36,39
2018-04-04,1,9,15,26,38,43,14
2018-04-07,1,4,31,33,52,55,13
2018-04-11,21,25,32,52,56,59,28
2018-04-14,10,40,42,46,47,48,38
2018-04-18,4,11,21,39,41,59,58
2018-04-21,2,8,9,12,20,57,38
2018-04-25,5,14,18,40,41,50,12
2018-04-28,3,11,37,38,43,44,20
2018-05-02,4,8,10,26,38,48,41
2018-05-05,2,9,14,49,52,56,41
2018-05-09,18,21,25,30,56,59,5
2018-05-12,1,15,21,30,35,44,5
2018-05-16,4,22,26,32,48,54,57
2018-05-19,1,3,34,36,48,52,22
2018-05-23,1,15,17,32,36,45,5
2018-05-26,9,14,19,29,39,40,3
2018-05-30,4,5,8,26,32,39,16
2018-06-02,4,32,38,43,51,58,10
2018-06-06,12,22,31,35,42,58,55
2018-06-09,3,17,20,55,56,58,57
2018-06-13,5,15,22,33,38,45,11
2018-06-16,10,18,36,37,41,46,8
2018-06-20,15,22,26,35,41,43,1
2018-06-23,1,10,15,25,31,47,53
2018-06-27,4,41,45,54,57,58,26
2018-06-30,6,28,32,45,46,49,50
2018-07-04,8,13,22,46,52,58,7
2018-07-07,17,18,29,48,52,54,1
2018-07-11,8,11,17,25,33,46,13
2018-07-14,4,8,13,26,41,55,58
2018-07-18,22,34,44,49,51,53,33
2018-07-21,9,13,16,25,40,46,52
2018-07-25,5,19,20,23,30,43,6
2018-07-28,11,29,31,32,38,45,10
2018-08-01,15,17,18,34,46,54,4
2018-08-04,5,17,23,25,34,51,52
2018-08-08,8,19,20,27,31,34,7
2018-08-11,1,3,10,18,19,37,57
2018-08-15,3,28,34,41,48,58,54
2018-08-18,1,2,6,12,13,55,11
2018-08-22,15,20,21,25,34,47,36
2018-08-25,9,22,33,39,41,56,48
2018-08-29,19,23,30,50,51,54,55
2018-09-01,3,21,22,38,46,55,50
2018-09-05,12,18,22,23,48,59,47
2018-09-08,7,19,33,34,52,53,48
2018-09-12,11,12,13,14,54,56,36
2018-09-15,25,42,48,50,55,58,44
2018-09-19,7,20,25,26,34,40,59
2018-09-22,5,16,18,20,25,55,36
2018-09-26,3,8,37,39,47,59,42
2018-09-29,17,36,40,44,54,58,27
2018-10-03,3,5,11,25,27,45,18
2018-10-06,23,26,30,32,37,39,5
2018-10-10,10,49,50,53,54,56,4
2018-10-13,19,26,40,52,56,58,38
2018-10-17,1,5,6,20,51,54,56
2018-10-20,12,18,40,42,46,59,49
2018-10-24,9,22,32,40,51,59,17
2018-10-27,1,6,25,26,31,39,56
2018-10-31,5,14,20,24,28,45,21
2018-11-03,16,31,41,45,47,52,53
2018-11-07,4,5,9,40,46,59,58
2018-11-10,7,12,17,38,42,44,53
2018-11-14,4,11,20,45,48,53,16
2018-11-17,4,5,9,12,17,42,32
2018-11-21,24,31,35,42,46,53,9
2018-11-24,15,27,30,32,42,43,10
2018-11-28,36,39,45,46,48,52,38
2018-12-01,5,8,9,12,31,49,57
2018-12-05,1,6,13,23,45,56,41
2018-12-08,6,23,36,38,43,48,17
2018-12-12,3,22,31,46,51,59,53
2018-12-15,5,26,34,35,43,49,19
2018-12-19,12,24,33,34,39,56,38
2018-12-22,4,15,17,24,32,56,31
2018-12-26,7,14,35,45,54,58,1
2018-12-29,26,31,38,40,45,57,28
2019-01-02,8,9,10,35,40,53,21
2019-01-05,18,25,27,28,32,47,6
2019-01-09,3,17,36,42,51,57,18
2019-01-12,13,29,32,43,49,55,26
2019-01-16,1,12,44,48,54,55,8
2019-01-19,11,15,17,22,31,52,45
2019-01-23,5,27,30,41,45,58,38
2019-01-26,29,40,42,47,51,56,45
2019-01-30,7,22,31,43,47,58,2
2019-02-02,1,6,41,53,55,59,20
2019-02-06,3,16,24,41,44,53,15
2019-02-09,25,27,31,36,38,47,12
2019-02-13,4,8,26,31,42,45,55
2019-02-16,11,15,18,43,46,51,12
2019-02-20,3,11,17,33,41,51,48
2019-02-23,6,9,38,40,42,48,57
2019-02-27,19,20,22,31,51,54,16
2019-03-02,4,8,16,19,33,45,54
2019-03-06,2,12,15,43,46,53,17
2019-03-09,22,27,35,40,46,52,2
2019-03-13,1,11,29,40,46,48,17
2019-03-16,6,26,32,37,42,59,38
2019-03-20,2,19,35,53,56,58,12
2019-03-23,6,26,30,50,52,59,27
2019-03-27,13,18,25,35,39,50,21
2019-03-30,3,27,35,45,54,55,24
2019-04-03,5,9,17,26,35,52,44
2019-04-06,5,8,22,33,36,43,21
2019-04-10,20,22,36,42,48,49,30
2019-04-13,4,10,15,24,37,38,30
2019-04-17,8,23,28,42,43,51,52
2019-04-20,7,8,11,17,34,54,4
2019-04-24,22,29,35,41,43,51,42
2019-04-27,1,7,26,34,52,53,10
2019-05-01,10,12,23,29,35,57,9
2019-05-04,16,17,35,39,40,55,41
2019-05-08,16,19,31,35,45,56,59
2019-05-11,13,14,19,45,49,55,24
2019-05-15,8,11,18,39,44,50,23
2019-05-18,7,22,23,26,31,54,3
2019-05-22,7,27,31,36,37,50,18
2019-05-25,5,9,26,35,43,54,24
2019-05-29,3,15,27,32,46,53,57
2019-06-01,8,26,36,39,40,47,42
2019-06-05,11,20,23,32,33,56,25
2019-06-08,12,13,22,37,42,55,43
2019-06-12,6,16,34,36,37,53,50
2019-06-15,7,40,42,47,52,54,29
2019-06-19,22,26,31,39,47,55,35
2019-06-22,6,9,17,32,44,57,11
2019-06-26,5,7,9,24,32,44,38
2019-06-29,11,32,43,44,47,52,27
2019-07-03,10,20,27,29,38,52,57
2019-07-06,24,30,44,50,56,57,9
2019-07-10,4,10,11,17,53,54,6
2019-07-13,18,25,29,32,35,58,12
2019-07-17,5,8,40,41,43,45,23
2019-07-20,14,18,23,28,36,37,32
2019-07-24,2,4,17,28,37,45,22
2019-07-27,14,19,30,45,48,58,3
2019-07-31,9,18,20,42,43,46,30
2019-08-03,8,30,34,44,45,57,31
2019-08-07,7,11,36,44,52,58,31
2019-08-10,5,8,9,17,23,29,49
2019-08-14,14,16,24,28,30,53,23
2019-08-17,6,9,10,41,46,58,45
2019-08-21,11,14,26,51,53,58,30
2019-08-24,27,36,39,45,46,55,38
2019-08-28,1,40,41,49,52,57,43
2019-08-31,5,10,16,26,41,58,15
2019-09-04,11,13,32,40,45,49,39
2019-09-07,3,13,27,30,32,37,8
2019-09-11,4,9,26,35,38,53,30
2019-09-14,6,10,14,19,26,43,28
2019-09-18,1,25,28,34,39,57,50
2019-09-21,18,23,32,33,34,41,54
2019-09-25,3,4,16,39,43,52,47
2019-09-28,2,19,21,23,29,42,26
2019-10-02,13,15,20,37,42,47,49
2019-10-05,4,8,12,13,32,34,58
2019-10-09,14,22,40,44,55,58,12
2019-10-12,23,27,30,36,40,42,58
2019-10-16,4,5,18,29,40,47,57
2019-10-19,8,15,17,31,33,52,13
2019-10-23,5,29,30,39,53,58,19
2019-10-26,16,23,26,38,56,59,32
2019-10-30,2,8,19,41,51,56,23
2019-11-02,13,16,28,34,41,56,40
2019-11-06,17,22,25,27,32,35,5
2019-11-09,2,11,16,46,51,58,31
2019-11-13,1,2,7,9,44,55,39
2019-11-16,2,10,25,51,56,59,17
2019-11-20,8,17,31,47,49,52,12
2019-11-23,23,25,28,38,47,58,31
2019-11-27,7,16,22,39,48,55,50
2019-11-30,8,16,24,36,40,57,51
2019-12-04,9,13,21,25,28,31,1
2019-12-07,6,20,27,34,35,57,39
2019-12-11,7,14,16,33,35,47,25
2019-12-14,2,21,23,32,44,49,56
2019-12-18,13,15,36,44,50,56,45
2019-12-21,12,27,33,36,42,45,26
2019-12-25,5,10,11,45,54,58,40
2019-12-28,1,2,12,23,41,55,9
2020-01-01,13,20,30,38,50,55,5
2020-01-04,3,13,14,34,50,51,11
2020-01-08,2,23,42,47,50,59,32
2020-01-11,27,28,46,51,55,57,14
2020-01-15,15,25,50,52,54,55,28
2020-01-18,14,29,35,41,42,55,11
2020-01-22,19,23,25,29,30,36,14
2020-01-25,18,30,33,39,54,55,21
2020-01-29,7,23,40,42,47,59,58
2020-02-01,7,42,44,47,58,59,52
2020-02-05,20,31,39,42,43,48,1
2020-02-08,8,35,42,43,54,59,21
2020-02-12,2,3,5,27,51,54,6
2020-02-15,10,11,33,41,45,54,18
2020-02-19,7,18,21,27,28,48,10
2020-02-22,21,23,25,27,36,47,17
2020-02-26,19,20,27,49,52,57,4
2020-02-29,25,32,34,52,55,58,9
2020-03-04,4,7,14,19,50,56,8
2020-03-07,5,29,35,36,40,44,42
2020-03-11,10,39,45,46,52,54,12
2020-03-14,7,22,30,38,42,47,14
2020-03-18,3,7,11,19,27,52,5
2020-03-21,12,26,29,34,56,58,41
2020-03-25,11,24,25,39,53,57,9
2020-03-28,8,14,27,33,46,49,11
2020-04-01,4,16,17,22,27,52,30
2020-04-04,4,22,28,39,45,49,25
2020-04-08,1,4,19,20,41,45,7
2020-04-11,20,28,30,31,44,55,50
2020-04-15,25,37,38,43,54,57,17
2020-04-18,3,6,31,43,46,53,26
2020-04-22,3,8,18,47,50,59,12
2020-04-25,3,9,21,25,28,59,36
2020-04-29,16,17,32,36,40,47,4
2020-05-02,14,18,23,39,44,52,47
2020-05-06,23,29,32,48,49,51,13
2020-05-09,7,18,21,26,42,50,59
2020-05-13,14,16,19,31,38,47,20
2020-05-16,4,20,21,44,48,52,34
2020-05-20,7,24,26,37,40,57,44
2020-05-23,15,37,38,42,45,59,54
2020-05-27,4,7,19,23,34,38,46
2020-05-30,2,6,8,32,33,35,45
2020-06-03,1,2,5,11,14,33,48
2020-06-06,3,6,12,17,35,40,33
2020-06-10,20,26,50,51,55,57,40
2020-06-13,10,12,19,21,35,51,42
2020-06-17,2,9,33,39,48,54,43
2020-06-20,7,21,26,30,40,48,13
2020-06-24,1,8,33,50,52,57,41
2020-06-27,2,15,19,33,37,43,12
2020-07-01,1,8,24,27,29,55,4
2020-07-04,32,33,34,48,52,57,13
2020-07-08,5,18,22,31,50,59,30
2020-07-11,9,10,14,17,32,58,22
2020-07-15,9,27,29,37,44,53,49
2020-07-18,1,20,24,32,33,42,30
2020-07-22,2,7,11,23,37,45,19
2020-07-25,10,13,14,18,33,34,15
2020-07-29,1,24,39,46,49,52,51
2020-08-01,4,10,13,24,53,56,22
2020-08-05,1,28,42,43,51,58,36
2020-08-08,2,40,49,53,56,58,41
2020-08-12,6,8,27,31,37,51,20
2020-08-15,10,14,16,22,25,34,21
2020-08-19,21,22,32,36,45,50,5
2020-08-22,19,23,24,28,37,51,12
2020-08-26,4,8,24,27,31,39,45
2020-08-29,5,10,21,47,51,57,16
2020-09-02,11,15,45,54,55,58,12
2020-09-05,3,11,28,36,38,47,32
2020-09-09,11,13,33,48,50,56,55
2020-09-12,5,23,36,37,42,52,14
2020-09-16,16,20,29,33,47,49,45
2020-09-19,9,13,39,49,52,53,56
2020-09-23,8,17,28,35,47,51,52
2020-09-26,1,19,35,38,54,55,45
2020-09-30,10,25,34,41,46,55,36
2020-10-03,1,4,13,24,27,47,2
2020-10-07,12,18,37,52,56,58,53
2020-10-10,11,21,36,45,49,56,2
2020-10-14,9,12,28,31,46,50,10
2020-10-17,26,32,38,41,49,51,46
2020-10-21,9,12,27,28,29,44,8
2020-10-24,13,18,19,47,53,57,44
2020-10-28,11,18,27,38,47,59,14
2020-10-31,1,6,16,34,49,59,35
2020-11-04,10,20,28,32,35,50,24
2020-11-07,3,33,45,50,52,56,44
2020-11-11,6,36,46,49,50,59,38
2020-11-14,25,37,39,44,50,56,13
2020-11-18,18,26,27,28,41,54,45
2020-11-21,23,32,37,49,54,57,47
2020-11-25,11,18,30,33,44,55,48
2020-11-28,9,27,35,45,46,57,32
2020-12-02,16,22,26,38,39,47,48
2020-12-05,13,38,47,51,52,59,18
2020-12-09,7,8,10,14,28,33,26
2020-12-12,13,38,39,49,53,56,59
2020-12-16,2,28,30,36,38,43,33
2020-12-19,4,10,14,21,27,28,23
2020-12-23,20,42,48,51,52,54,21
2020-12-26,26,43,44,46,52,55,6
2020-12-30,11,17,21,24,37,49,45
2021-01-02,6,8,9,36,39,57,37
2021-01-06,2,8,36,51,52,54,10
2021-01-09,9,21,23,30,35,38,53
2021-01-13,1,8,12,16,18,42,4
2021-01-16,3,15,38,45,48,53,27
2021-01-20,3,5,7,13,25,57,37
2021-01-23,1,6,25,45,49,52,56
2021-01-27,22,30,34,35,45,50,51
2021-01-30,4,28,31,36,51,55,42
2021-02-03,4,9,17,21,26,46,12
2021-02-06,27,28,32,39,46,52,6
2021-02-10,1,15,29,33,42,49,54
2021-02-13,15,16,37,42,44,50,48
2021-02-17,5,6,8,20,26,39,1
2021-02-20,3,16,18,24,36,56,10
2021-02-24,1,9,16,17,18,34,13
2021-02-27,4,33,36,39,45,49,20
2021-03-03,2,3,8,23,40,54,52
2021-03-06,16,17,29,47,52,56,15
2021-03-10,1,5,9,21,26,42,17
2021-03-13,6,8,11,17,29,44,20
2021-03-17,7,16,26,28,36,58,9
2021-03-20,12,15,24,34,36,51,21
2021-03-24,2,3,23,27,40,50,30
2021-03-27,3,5,18,22,26,49,29
2021-03-31,4,6,13,49,56,58,12
2021-04-03,2,8,28,32,40,45,5
2021-04-07,12,38,40,51,57,58,29
2021-04-10,20,25,26,48,49,50,30
2021-04-14,6,12,20,48,52,57,34
2021-04-17,7,8,18,21,23,57,4
2021-04-21,4,6,14,32,34,39,46
2021-04-24,16,24,29,30,32,38,1
2021-04-28,1,4,27,48,57,59,5
2021-05-01,7,10,31,32,34,40,14
2021-05-05,8,27,34,40,55,56,43
2021-05-08,10,12,23,31,37,46,15
2021-05-12,10,17,23,40,51,52,20
2021-05-15,6,19,27,32,39,57,50
2021-05-19,18,36,50,53,57,58,22
2021-05-22,9,20,41,43,46,48,7
2021-05-26,28,33,36,45,49,51,48
2021-05-29,1,10,16,36,46,55,44
2021-06-02,1,15,17,33,53,59,41
2021-06-05,3,6,33,39,46,57,17
2021-06-09,9,15,24,34,43,49,32
2021-06-12,9,11,16,27,36,52,50
2021-06-16,6,22,28,36,48,53,13
2021-06-19,12,18,21,38,44,54,14
2021-06-23,4,14,15,33,50,53,16
2021-06-26,14,24,37,39,41,53,19
2021-06-30,12,27,34,38,40,41,32
2021-07-03,1,12,27,29,31,47,23
2021-07-07,2,3,7,20,40,52,14
2021-07-10,9,19,22,33,47,54,1
2021-07-14,12,27,29,35,36,41,51
2021-07-17,3,25,33,35,48,56,1
2021-07-21,5,17,20,37,45,51,29
2021-07-24,6,7,17,28,34,37,59
2021-07-28,23,26,34,36,44,59,43
2021-07-31,11,12,13,19,43,58,48
2021-08-04,3,16,27,34,36,46,6
2021-08-07,10,15,22,41,51,57,58
2021-08-11,13,32,36,37,39,46,40
2021-08-14,1,2,15,19,39,43,58
2021-08-18,4,10,27,30,48,50,54
2021-08-21,17,18,27,28,35,57,51
2021-08-25,7,15,30,39,52,59,38
2021-08-28,18,24,34,49,50,57,41
2021-09-01,3,19,28,33,41,43,57
2021-09-04,1,14,21,36,39,41,34
2021-09-08,3,4,13,14,38,56,52
2021-09-11,2,13,38,42,52,54,39
2021-09-15,20,24,25,27,34,37,50
2021-09-18,19,32,44,45,52,53,12
2021-09-22,13,21,33,40,44,52,9
2021-09-25,13,15,31,32,36,56,53
2021-09-29,15,17,27,40,45,52,28
2021-10-02,32,35,36,37,40,51,43
2021-10-06,1,9,16,27,30,51,34
2021-10-09,6,9,30,48,51,52,55
2021-10-13,4,8,12,15,38,56,30
2021-10-16,4,18,21,24,37,58,22
2021-10-20,23,27,29,37,43,47,11
2021-10-23,4,13,21,27,28,37,19
2021-10-27,8,20,22,39,47,48,16
2021-10-30,7,18,47,51,56,59,17
2021-11-03,6,31,39,47,48,58,8
2021-11-06,3,7,21,29,34,39,19
2021-11-10,10,11,18,20,37,49,5
2021-11-13,13,14,16,28,43,52,56
2021-11-17,13,24,34,35,49,55,53
2021-11-20,5,16,17,32,51,59,53
2021-11-24,4,11,17,19,39,42,59
2021-11-27,1,15,16,17,24,48,9
2021-12-01,4,7,8,37,42,50,36
2021-12-04,8,24,25,32,33,46,47
2021-12-08,12,30,31,34,52,58,56
2021-12-11,6,13,14,15,31,33,38
2021-12-15,2,15,17,28,30,45,54
2021-12-18,12,23,27,45,51,54,59
2021-12-22,6,13,14,20,45,52,54
2021-12-25,15,24,26,30,42,59,18
2021-12-29,3,17,28,42,52,57,58
2022-01-01,14,29,31,41,43,56,42
2022-01-05,3,5,21,28,56,57,14
2022-01-08,21,28,33,36,43,46,27
2022-01-12,8,21,37,39,56,59,32
2022-01-15,13,14,25,31,37,39,4
2022-01-19,3,13,41,50,56,57,58
2022-01-22,1,20,25,35,46,59,28
2022-01-26,5,26,36,53,57,58,2
2022-01-29,4,12,35,41,47,50,46
2022-02-02,6,22,29,48,50,59,3
2022-02-05,8,24,36,39,46,56,48
2022-02-09,12,16,17,43,53,57,29
2022-02-12,9,16,26,28,47,58,49
2022-02-16,21,27,31,50,53,59,24
2022-02-19,33,34,44,50,56,57,26
2022-02-23,4,22,26,27,33,37,20
2022-02-26,5,8,33,37,47,52,20
2022-03-02,43,48,49,52,55,58,32
2022-03-05,10,21,29,33,42,51,48
2022-03-09,3,10,26,38,41,47,45
2022-03-12,7,13,21,23,39,44,16
2022-03-16,14,20,23,28,33,54,12
2022-03-19,20,24,33,34,50,51,7
2022-03-23,3,14,15,46,52,53,50
2022-03-26,13,18,27,35,46,53,40
2022-03-30,11,12,14,17,44,58,29
2022-04-02,22,24,27,30,52,57,20
2022-04-06,3,17,23,24,30,49,59
2022-04-09,10,11,18,29,44,59,17
2022-04-13,1,7,10,30,40,53,2
2022-04-16,2,4,6,35,55,58,44
2022-04-20,5,8,24,47,50,53,31
2022-04-23,7,10,24,31,48,56,15
2022-04-27,10,22,35,38,56,57,46
2022-04-30,15,19,26,41,51,57,52
2022-05-04,6,10,29,50,55,57,5
2022-05-07,3,5,6,15,41,45,39
2022-05-11,21,34,37,39,44,51,26
2022-05-14,12,15,21,24,39,50,35
2022-05-18,18,20,38,40,42,51,45
2022-05-21,12,25,37,48,51,57,8
2022-05-25,30,31,37,45,49,56,51
2022-05-28,5,16,24,34,44,57,20
2022-06-01,1,4,6,30,32,38,18
2022-06-04,9,19,41,46,52,59,24
2022-06-08,11,23,25,38,53,58,52
2022-06-11,20,21,32,34,52,59,1
2022-06-15,3,26,37,38,41,53,36
2022-06-18,11,14,36,39,42,59,21
2022-06-22,21,36,40,46,48,54,38
2022-06-25,13,23,25,31,43,52,6
2022-06-29,3,17,21,26,46,59,39
2022-07-02,9,23,33,43,48,53,1
2022-07-06,9,25,36,41,44,54,48
2022-07-09,6,12,15,24,40,48,45
2022-07-13,12,13,19,39,42,59,10
2022-07-16,2,12,19,32,54,58,23
2022-07-20,12,14,17,32,33,36,9
2022-07-23,2,10,13,34,41,54,26
2022-07-27,1,11,14,37,38,39,54
2022-07-30,7,16,17,19,33,57,12
2022-08-03,5,25,28,29,53,58,15
2022-08-06,14,15,31,41,44,45,20
2022-08-10,6,21,24,40,47,52,30
2022-08-13,15,22,42,49,50,54,59
2022-08-17,20,26,30,37,45,48,33
2022-08-20,3,5,6,9,35,59,38
2022-08-24,10,14,25,32,35,39,42
2022-08-27,7,10,20,24,30,38,19
2022-08-31,13,16,21,30,49,54,8
2022-09-03,9,25,42,43,46,52,6
2022-09-07,3,20,27,34,42,58,48
2022-09-10,2,6,7,29,31,42,9
2022-09-14,25,38,45,46,55,57,16
2022-09-17,11,22,25,28,45,55,15
2022-09-21,6,13,28,34,37,45,24
2022-09-24,14,15,18,22,39,50,51
2022-09-28,3,15,20,48,57,58,9
2022-10-01,1,4,9,40,44,58,21
2022-10-05,23,31,36,48,51,54,38
2022-10-08,6,8,12,26,32,46,51
2022-10-12,20,21,24,26,39,47,37
2022-10-15,11,13,18,25,36,55,39
2022-10-19,2,13,18,45,50,59,14
2022-10-22,11,33,42,56,58,59,34
2022-10-26,7,13,20,21,46,53,49
2022-10-29,7,15,26,37,39,58,41
2022-11-02,4,18,40,41,44,46,54
2022-11-05,2,13,27,31,38,41,34
2022-11-09,1,5,29,31,44,58,8
2022-11-12,4,11,22,37,44,48,39
2022-11-16,1,18,27,30,39,53,58
2022-11-19,5,17,20,30,39,49,59
2022-11-23,5,16,29,42,43,58,37
2022-11-26,1,3,5,17,50,52,11
2022-11-30,13,17,20,47,49,50,11
2022-12-03,11,13,14,16,19,38,23
2022-12-07,9,21,33,37,45,51,55
2022-12-10,14,17,19,23,34,51,54
2022-12-14,16,39,41,44,49,50,6
2022-12-17,15,22,38,39,49,56,32
2022-12-21,5,19,34,38,53,54,31
2022-12-24,1,8,14,46,49,59,19
2022-12-28,5,19,27,31,48,57,30
2022-12-31,27,34,47,56,57,58,19
2023-01-04,1,4,9,32,42,58,26
2023-01-07,6,7,11,33,45,57,18
2023-01-11,4,19,22,46,54,56,21
2023-01-14,9,33,37,39,47,54,24
2023-01-18,11,23,26,36,37,44,53
2023-01-21,7,9,14,21,30,57,18
2023-01-25,4,7,19,23,50,58,8
2023-01-28,5,8,20,23,30,50,25
2023-02-01,16,28,29,31,53,59,34
2023-02-04,2,5,23,27,31,58,56
2023-02-08,13,26,28,33,42,53,55
2023-02-11,3,5,37,46,47,57,50
2023-02-15,10,20,34,42,50,56,14
2023-02-18,9,35,49,52,53,58,29
2023-02-22,11,13,15,23,34,39,9
2023-02-25,22,31,32,45,50,53,35
2023-03-01,5,28,36,39,48,49,35
2023-03-04,6,16,24,30,33,44,7
2023-03-08,5,29,41,49,57,59,22
2023-03-11,1,19,27,28,41,50,49
2023-03-15,2,12,24,37,39,43,36
2023-03-18,13,22,39,46,54,59,58
2023-03-22,5,27,33,37,42,58,10
2023-03-25,11,13,30,40,43,44,28
2023-03-29,10,24,27,32,42,52,37
2023-04-01,3,7,13,40,43,47,49
2023-04-05,4,18,29,30,39,52,46
2023-04-08,4,12,19,20,24,42,17
2023-04-12,12,16,29,39,45,51,5
2023-04-15,3,13,17,21,35,58,29
2023-04-19,7,22,25,47,54,58,37
2023-04-22,8,22,29,31,35,51,46
2023-04-26,19,26,27,29,53,57,17
2023-04-29,12,31,35,41,44,56,59
2023-05-03,12,28,33,37,42,49,25
2023-05-06,3,23,33,36,54,55,7
2023-05-10,9,15,22,45,52,57,12
2023-05-13,2,13,32,42,54,58,28
2023-05-17,1,2,4,9,50,51,17
2023-05-20,7,24,34,36,44,51,20
2023-05-24,3,4,10,13,14,36,18
2023-05-27,5,14,22,37,42,49,54
2023-05-31,19,24,28,33,41,54,48
2023-06-03,4,13,15,20,22,59,17
2023-06-07,3,4,12,35,55,56,50
2023-06-10,13,29,36,39,44,56,3
2023-06-14,2,16,21,23,47,56,3
2023-06-17,11,13,28,32,46,47,21
2023-06-21,1,3,4,7,8,15,54
2023-06-24,17,18,22,36,39,53,31
2023-06-28,31,32,33,40,56,59,20
2023-07-01,1,12,20,22,24,35,34
2023-07-05,10,15,16,38,44,47,12
2023-07-08,6,15,18,23,24,59,14
2023-07-12,3,30,44,50,52,57,45
2023-07-15,10,11,37,45,46,58,30
2023-07-19,12,30,34,39,41,47,40
2023-07-22,11,14,20,35,41,46,2
2023-07-26,10,12,19,27,29,50,33
2023-07-29,8,20,21,33,37,56,25
2023-08-02,5,10,21,23,35,49,16
2023-08-05,5,22,28,38,50,58,2
2023-08-09,10,16,24,29,34,48,54
2023-08-12,14,17,21,24,25,39,44
2023-08-16,8,10,32,43,51,59,26
2023-08-19,2,7,17,28,31,37,8
2023-08-23,13,16,23,32,37,57,15
2023-08-26,12,13,41,42,45,50,43
2023-08-30,11,19,20,25,48,59,41
2023-09-02,9,11,46,49,53,55,16
2023-09-06,3,12,22,38,53,54,28
2023-09-09,15,20,39,43,49,59,56
2023-09-13,7,10,23,29,31,42,6
2023-09-16,7,17,22,24,31,59,50
2023-09-20,9,18,34,37,42,52,50
2023-09-23,12,34,37,41,55,58,13
2023-09-27,8,10,11,20,31,44,28
2023-09-30,1,8,14,20,24,40,52
2023-10-04,3,8,37,42,53,55,46
2023-10-07,10,16,20,22,47,52,26
2023-10-11,3,8,15,18,23,25,58
2023-10-14,4,27,28,31,51,57,48
2023-10-18,6,7,8,20,34,48,38
2023-10-21,14,15,26,37,43,54,6
2023-10-25,16,20,33,41,47,59,21
2023-10-28,25,28,37,38,42,50,6
2023-11-01,9,15,36,37,42,43,50
2023-11-04,20,37,39,52,54,57,43
2023-11-08,1,7,12,17,46,53,24
2023-11-11,12,26,28,34,41,42,32
2023-11-15,6,7,16,33,40,55,4
2023-11-18,3,11,22,23,32,47,56
2023-11-22,9,14,26,49,55,56,28
2023-11-25,5,9,31,34,46,48,49
2023-11-29,19,31,35,38,42,49,13
2023-12-02,2,4,11,23,26,33,40
2023-12-06,2,3,6,22,43,55,47
2023-12-09,15,27,33,44,46,59,30
2023-12-13,10,28,31,34,43,48,57
2023-12-16,4,12,23,30,50,56,8
2023-12-20,4,8,11,46,50,53,16
2023-12-23,17,29,31,40,47,56,44
2023-12-27,2,23,24,29,33,36,42
2023-12-30,15,26,29,37,49,53,38
2024-01-03,1,5,19,27,38,59,55
2024-01-06,2,23,38,43,53,54,41
2024-01-10,1,5,15,25,45,53,2
2024-01-13,8,22,27,44,46,48,7
2024-01-17,10,24,28,30,44,48,35
2024-01-20,7,14,20,29,38,49,42
2024-01-24,6,22,27,46,49,57,17
2024-01-27,18,20,22,34,47,58,16
2024-01-31,5,10,11,22,27,54,55
2024-02-03,8,19,25,28,29,50,46
2024-02-07,1,2,17,33,40,51,42
2024-02-10,4,19,24,29,43,53,34
2024-02-14,9,11,32,36,45,54,24
2024-02-17,5,19,28,39,41,42,43
2024-02-21,25,27,32,50,54,58,55
2024-02-24,3,4,11,20,36,56,28
2024-02-28,12,21,39,44,45,50,51
2024-03-02,2,20,34,40,48,59,6
2024-03-06,7,11,32,37,48,58,28
2024-03-09,14,15,17,33,53,55,43
2024-03-13,24,26,28,34,35,37,48
2024-03-16,11,16,18,35,44,45,51
2024-03-20,8,10,14,25,29,35,32
2024-03-23,7,15,41,43,45,50,28
2024-03-27,1,3,22,27,42,48,9
2024-03-30,15,16,19,37,49,51,17
2024-04-03,3,32,38,41,46,48,40
2024-04-06,10,12,14,17,20,29,33
2024-04-10,9,19,24,31,39,56,55
2024-04-13,17,26,31,33,45,48,47
2024-04-17,11,26,28,31,35,39,40
2024-04-20,5,26,29,43,52,54,32
2024-04-24,8,14,18,53,56,59,40
2024-04-27,2,15,18,25,57,58,53
2024-05-01,13,16,21,22,44,53,36
2024-05-04,2,7,16,31,54,59,10
2024-05-08,4,13,34,38,43,52,36
2024-05-11,12,13,14,34,50,51,22
2024-05-15,11,17,25,47,52,53,37
2024-05-18,9,13,22,45,46,48,29
2024-05-22,6,7,25,31,35,43,12
2024-05-25,6,28,30,40,53,58,13
2024-05-29,1,8,16,22,25,56,4
2024-06-01,6,11,16,21,43,50,9
2024-06-05,1,9,13,21,33,58,28
2024-06-08,3,7,10,23,24,41,59
2024-06-12,13,40,41,42,51,59,5
2024-06-15,1,9,25,29,34,39,22
2024-06-19,3,7,13,15,21,52,23
2024-06-22,5,9,18,32,44,58,34
2024-06-26,8,27,34,36,37,56,54
2024-06-29,7,11,19,25,29,31,6
2024-07-03,1,8,42,46,50,58,51
2024-07-06,11,18,24,37,47,59,13
2024-07-10,8,9,13,19,26,48,54
2024-07-13,22,27,37,38,49,51,59
2024-07-17,2,7,32,44,45,49,39
2024-07-20,9,19,22,41,55,58,44
2024-07-24,3,17,23,29,31,34,46
2024-07-27,3,25,27,33,40,45,58
2024-07-31,12,16,21,33,52,58,37
2024-08-03,6,19,20,26,28,45,7
2024-08-07,10,11,22,42,49,56,58
2024-08-10,2,25,40,42,48,59,12
2024-08-14,7,15,30,36,45,48,27
2024-08-17,3,6,10,18,52,59,49
2024-08-21,9,23,37,42,53,57,58
2024-08-24,4,17,30,34,39,43,45
2024-08-28,4,10,25,29,49,53,30
2024-08-31,2,3,29,45,48,52,54
2024-09-04,3,6,15,25,29,41,17
2024-09-07,13,32,33,37,38,50,2
2024-09-11,3,10,23,41,53,57,28
2024-09-14,21,27,38,47,49,55,54
2024-09-18,7,20,33,50,51,57,44
2024-09-21,5,17,26,48,49,57,56
2024-09-25,1,3,4,14,55,57,2
2024-09-28,18,23,36,38,39,54,12
2024-10-02,4,5,6,20,21,59,2
2024-10-05,8,12,13,20,44,49,19
2024-10-09,4,7,20,41,55,56,48
2024-10-12,2,11,13,17,39,41,37
2024-10-16,9,11,29,41,42,48,43
2024-10-19,22,43,44,47,48,54,25
2024-10-23,6,9,23,27,45,51,47
2024-10-26,9,16,30,41,44,47,13
2024-10-30,27,36,41,43,54,57,7
2024-11-02,11,12,16,19,35,50,34
2024-11-06,3,6,14,19,32,35,17
2024-11-09,33,36,43,44,50,56,18
2024-11-13,11,12,28,29,41,54,17
2024-11-16,12,16,31,38,58,59,41
2024-11-20,2,7,27,33,37,56,30
2024-11-23,3,8,13,33,39,44,56
2024-11-27,15,31,35,38,42,59,6
2024-11-30,14,19,21,22,24,38,17
2024-12-04,12,19,25,35,37,39,3
2024-12-07,9,12,14,26,35,42,18
2024-12-11,2,32,35,36,49,52,19
2024-12-14,1,11,12,17,19,54,3
2024-12-18,18,20,28,39,52,58,38
2024-12-21,3,4,10,16,40,54,8
2024-12-25,9,15,17,35,47,51,31
2024-12-28,16,28,34,40,53,54,55
2025-01-01,18,31,35,38,42,54,41
2025-01-04,16,19,22,24,27,35,28
2025-01-08,7,17,20,24,27,46,21
2025-01-11,2,6,10,12,28,29,57
2025-01-15,11,33,34,38,55,57,20
2025-01-18,2,13,24,29,32,39,46
2025-01-22,2,5,12,20,47,57,43
2025-01-25,14,23,24,32,38,54,50
2025-01-29,7,14,29,31,38,39,56
2025-02-01,1,13,25,30,32,35,2
2025-02-05,26,27,34,41,51,54,52
2025-02-08,6,28,36,45,47,52,51
2025-02-12,8,33,34,50,56,59,17
2025-02-15,17,31,39,46,52,57,1
2025-02-19,5,7,37,39,40,43,8
2025-02-22,3,7,9,29,33,51,5
2025-02-26,1,4,10,26,31,40,24
2025-03-01,6,11,14,19,41,43,53
2025-03-05,8,18,19,30,43,44,58
2025-03-08,1,19,29,33,42,44,21
2025-03-12,4,38,42,52,56,58,44
2025-03-15,4,5,6,20,31,33,28
2025-03-19,6,15,27,35,41,43,28
2025-03-22,10,11,34,38,54,55,26
2025-03-26,17,18,22,34,53,58,14
2025-03-29,1,7,17,35,43,57,19
2025-04-02,5,30,36,40,41,43,53
2025-04-05,10,26,33,53,57,59,18
2025-04-09,12,14,28,31,33,46,43
2025-04-12,4,10,12,22,53,55,31
2025-04-16,27,36,39,48,57,59,45
2025-04-19,1,2,11,13,30,37,33
2025-04-23,1,24,26,28,37,42,44
2025-04-26,7,8,11,32,36,59,21
2025-04-30,16,23,28,40,42,55,44
2025-05-03,17,18,23,38,41,47,9
2025-05-07,3,12,21,24,41,45,20
2025-05-10,13,14,15,27,33,36,18
2025-05-14,2,14,34,37,48,52,29
2025-05-17,18,24,34,35,47,51,26
2025-05-21,5,6,16,20,30,36,2
2025-05-24,9,12,13,26,38,40,4
2025-05-28,8,28,31,33,49,55,13
2025-05-31,8,11,12,16,20,33,52
2025-06-04,2,9,19,32,45,57,31
2025-06-07,11,17,27,30,39,46,56
2025-06-11,8,13,35,42,47,53,39
2025-06-14,8,20,36,42,48,59,46
2025-06-18,8,15,31,38,44,49,59
2025-06-21,6,10,12,13,31,58,15
2025-06-25,14,16,21,42,49,54,41
2025-06-28,16,17,22,38,40,47,4
2025-07-02,4,11,34,51,54,55,57
2025-07-05,9,12,18,37,43,45,15
2025-07-09,6,12,15,25,51,58,57
2025-07-12,4,11,17,25,41,51,14
2025-07-16,6,9,12,15,47,55,56
2025-07-19,5,7,25,29,40,46,15
2025-07-23,3,9,11,16,21,48,22
2025-07-26,9,23,24,28,42,57,18
2025-07-30,3,5,7,18,21,37,38
