date,n1,n2,n3,n4,n5,life
2019-03-18,4,6,17,20,35,10
2019-03-21,2,3,4,25,46,6
2019-03-25,2,6,9,23,30,2
2019-03-28,8,16,36,39,44,3
2019-04-01,6,15,24,35,41,7
2019-04-04,1,20,42,43,47,3
2019-04-08,1,6,19,24,35,9
2019-04-11,5,7,41,44,45,6
2019-04-15,7,15,32,46,47,8
2019-04-18,3,6,16,24,29,5
2019-04-22,11,22,26,33,47,6
2019-04-25,5,26,28,32,37,3
2019-04-29,6,8,13,20,28,9
2019-05-02,11,12,15,16,47,2
2019-05-06,2,6,7,30,37,3
2019-05-09,3,6,9,32,47,4
2019-05-13,2,11,27,42,47,6
2019-05-16,15,23,31,32,33,9
2019-05-20,4,9,15,29,44,3
2019-05-23,15,21,31,44,45,3
2019-05-27,7,15,41,42,44,9
2019-05-30,4,20,23,25,27,2
2019-06-03,1,9,20,24,46,5
2019-06-06,7,12,20,25,36,2
2019-06-10,23,29,33,40,43,8
2019-06-13,10,16,28,29,46,4
2019-06-17,9,12,25,33,44,5
2019-06-20,6,10,27,40,45,7
2019-06-24,2,4,17,30,34,3
2019-06-27,3,6,34,43,47,7
2019-07-01,3,11,21,35,45,9
2019-07-04,19,20,35,40,42,8
2019-07-08,5,15,18,32,36,4
2019-07-11,4,12,21,42,43,2
2019-07-15,2,17,23,27,34,5
2019-07-18,15,23,25,38,42,3
2019-07-22,8,23,26,28,31,9
2019-07-25,5,14,26,33,36,10
2019-07-29,18,21,23,34,39,3
2019-08-01,15,16,21,37,40,3
2019-08-05,9,13,18,39,40,5
2019-08-08,13,22,26,39,40,8
2019-08-12,3,20,26,27,32,5
2019-08-15,4,8,15,17,32,6
2019-08-19,3,4,5,7,34,5
2019-08-22,5,12,40,43,44,5
2019-08-26,11,22,25,32,39,3
2019-08-29,2,22,26,30,42,7
2019-09-02,14,20,24,36,40,10
2019-09-05,20,23,28,30,38,6
2019-09-09,9,15,21,23,26,7
2019-09-12,10,28,33,36,37,9
2019-09-16,5,9,16,32,41,10
2019-09-19,21,22,38,39,42,4
2019-09-23,1,19,26,28,42,3
2019-09-26,10,19,20,26,42,3
2019-09-30,4,6,20,29,34,1
2019-10-03,6,11,32,43,45,10
2019-10-07,17,25,29,33,41,2
2019-10-10,2,5,9,27,37,10
2019-10-14,2,5,15,21,23,2
2019-10-17,8,14,18,29,46,10
2019-10-21,7,16,24,28,29,9
2019-10-24,4,12,17,28,36,7
2019-10-28,5,25,31,34,41,4
2019-10-31,28,30,32,35,45,8
2019-11-04,10,26,32,43,45,10
2019-11-07,11,15,16,21,38,9
2019-11-11,23,32,38,40,47,9
2019-11-14,5,6,19,38,47,6
2019-11-18,6,18,23,33,40,10
2019-11-21,14,19,20,21,39,5
2019-11-25,2,7,17,22,26,7
2019-11-28,17,21,30,32,38,6
2019-12-02,8,20,22,33,34,6
2019-12-05,4,7,11,22,47,5
2019-12-09,3,11,13,34,43,8
2019-12-12,12,14,31,37,39,2
2019-12-16,8,10,16,23,39,8
2019-12-19,13,18,26,37,38,1
2019-12-23,14,18,28,33,35,2
2019-12-26,10,24,30,32,41,9
2019-12-30,8,18,21,23,44,4
2020-01-02,1,6,13,32,41,4
2020-01-06,10,15,16,22,39,2
2020-01-09,3,11,39,44,46,10
2020-01-13,7,18,24,32,35,1
2020-01-16,8,15,29,30,47,10
2020-01-20,4,10,16,30,36,10
2020-01-23,7,9,27,34,42,5
2020-01-27,8,14,16,19,25,5
2020-01-30,4,10,33,36,40,2
2020-02-03,9,14,40,42,43,4
2020-02-06,1,9,16,17,21,1
2020-02-10,1,19,25,43,46,9
2020-02-13,6,17,23,26,29,7
2020-02-17,1,12,34,37,41,8
2020-02-20,8,19,21,38,42,4
2020-02-24,1,19,22,35,40,10
2020-02-27,2,19,29,31,40,10
2020-03-02,8,28,39,45,47,9
2020-03-05,16,24,29,31,46,2
2020-03-09,4,8,25,37,38,9
2020-03-12,7,12,15,39,42,2
2020-03-16,2,4,15,20,38,2
2020-03-19,2,19,32,39,47,7
2020-03-23,21,28,35,37,42,7
2020-03-26,4,7,11,24,29,8
2020-03-30,2,3,4,36,41,5
2020-04-02,8,9,17,35,46,8
2020-04-06,11,23,31,39,42,1
2020-04-09,13,15,23,27,37,10
2020-04-13,1,21,23,29,41,1
2020-04-16,11,18,20,31,35,7
2020-04-20,2,5,7,19,42,7
2020-04-23,2,6,25,32,46,6
2020-04-27,9,16,17,21,28,1
2020-04-30,11,37,39,41,46,6
2020-05-04,19,27,31,37,43,1
2020-05-07,7,14,27,39,44,6
2020-05-11,24,25,26,31,45,6
2020-05-14,12,15,36,38,41,6
2020-05-18,6,17,23,43,45,5
2020-05-21,3,4,19,45,46,1
2020-05-25,1,3,24,42,44,7
2020-05-28,3,5,13,23,31,5
2020-06-01,4,30,32,34,38,9
2020-06-04,8,9,27,28,47,6
2020-06-08,3,12,16,22,47,5
2020-06-11,5,6,15,22,32,9
2020-06-15,4,15,21,23,42,2
2020-06-18,6,8,28,32,44,9
2020-06-22,16,25,28,35,38,8
2020-06-25,3,16,18,20,45,8
2020-06-29,20,26,29,33,37,3
2020-07-02,11,12,24,29,33,5
2020-07-06,5,12,17,21,30,2
2020-07-09,11,16,26,39,44,8
2020-07-13,4,10,18,19,45,10
2020-07-16,18,29,33,38,43,9
2020-07-20,7,12,17,32,45,5
2020-07-23,5,21,33,36,40,9
2020-07-27,6,10,20,27,36,1
2020-07-30,7,13,17,27,32,4
2020-08-03,15,16,33,36,45,1
2020-08-06,2,22,36,42,43,9
2020-08-10,1,10,14,21,26,7
2020-08-13,33,35,37,45,47,5
2020-08-17,6,18,24,34,37,6
2020-08-20,4,5,17,27,36,2
2020-08-24,10,24,25,41,42,6
2020-08-27,13,16,19,24,29,7
2020-08-31,1,10,26,35,39,7
2020-09-03,8,10,26,31,32,3
2020-09-07,26,32,35,40,44,8
2020-09-10,6,7,21,38,39,5
2020-09-14,12,19,22,25,42,6
2020-09-17,3,7,17,34,44,3
2020-09-21,3,7,26,37,41,1
2020-09-24,3,8,17,22,36,5
2020-09-28,6,23,38,41,42,1
2020-10-01,1,8,9,20,45,7
2020-10-05,21,34,39,41,45,1
2020-10-08,13,29,33,35,37,9
2020-10-12,6,9,10,22,30,10
2020-10-15,5,10,12,13,16,10
2020-10-19,21,31,32,40,42,7
2020-10-22,2,6,15,21,43,10
2020-10-26,17,29,32,33,38,3
2020-10-29,17,26,27,38,45,8
2020-11-02,3,16,41,42,44,2
2020-11-05,7,11,18,19,22,10
2020-11-09,23,26,29,37,43,6
2020-11-12,2,12,20,22,26,10
2020-11-16,13,17,21,38,39,6
2020-11-19,1,3,15,18,29,9
2020-11-23,3,10,15,29,30,1
2020-11-26,2,7,20,38,46,2
2020-11-30,11,18,20,42,47,10
2020-12-03,9,22,25,38,41,9
2020-12-07,3,11,14,21,44,8
2020-12-10,25,33,35,39,41,5
2020-12-14,5,9,18,34,43,6
2020-12-17,12,22,25,37,39,3
2020-12-21,10,13,14,40,43,3
2020-12-24,3,13,14,36,38,7
2020-12-28,2,4,22,37,45,10
2020-12-31,15,26,33,34,44,2
2021-01-04,19,29,35,42,46,8
2021-01-07,16,26,35,36,39,7
2021-01-11,4,20,32,34,44,9
2021-01-14,2,8,9,25,43,4
2021-01-18,13,22,34,35,46,6
2021-01-21,24,27,28,35,40,8
2021-01-25,6,17,36,45,47,7
2021-01-28,5,13,20,34,35,10
2021-02-01,20,23,30,31,42,10
2021-02-04,4,5,7,26,39,6
2021-02-08,4,10,14,17,30,2
2021-02-11,27,29,37,41,42,7
2021-02-15,22,23,25,32,44,3
2021-02-18,7,19,28,38,39,5
2021-02-22,4,7,16,20,42,9
2021-02-25,2,12,16,19,23,4
2021-03-01,9,14,19,35,37,6
2021-03-04,4,8,18,28,44,8
2021-03-08,2,16,28,32,45,10
2021-03-11,3,11,20,21,26,8
2021-03-15,9,11,29,39,44,6
2021-03-18,5,25,43,44,47,8
2021-03-22,8,19,29,34,35,9
2021-03-25,10,13,28,30,38,1
2021-03-29,17,28,39,42,43,8
2021-04-01,12,26,31,32,35,6
2021-04-05,13,28,29,30,34,2
2021-04-08,19,21,24,32,42,6
2021-04-12,6,26,32,38,44,7
2021-04-15,2,17,24,26,46,7
2021-04-19,1,10,11,16,46,6
2021-04-22,14,30,36,41,42,6
2021-04-26,8,12,13,21,25,5
2021-04-29,13,14,21,23,40,6
2021-05-03,1,8,12,22,32,10
2021-05-06,2,7,25,40,46,4
2021-05-10,13,18,21,26,47,4
2021-05-13,12,30,40,42,47,9
2021-05-17,10,17,23,39,41,4
2021-05-20,4,5,18,19,27,4
2021-05-24,8,18,20,29,40,6
2021-05-27,1,7,11,32,36,7
2021-05-31,15,19,20,36,43,4
2021-06-03,8,26,39,40,45,8
2021-06-07,8,17,19,27,43,4
2021-06-10,1,18,22,36,37,9
2021-06-14,6,13,19,20,36,9
2021-06-17,7,20,27,28,29,2
2021-06-21,5,13,20,29,37,5
2021-06-24,1,26,31,32,41,5
2021-06-28,1,9,15,22,34,1
2021-07-01,7,10,20,33,39,3
2021-07-05,17,22,36,40,41,6
2021-07-08,8,20,28,33,47,6
2021-07-12,12,17,31,35,39,7
2021-07-15,7,8,11,27,42,5
2021-07-19,8,9,36,44,46,4
2021-07-22,5,14,37,40,43,7
2021-07-26,2,10,26,38,45,7
2021-07-29,8,32,37,40,45,3
2021-08-02,6,8,9,37,39,8
2021-08-05,12,24,26,35,45,10
2021-08-09,9,13,14,23,34,3
2021-08-12,11,18,22,42,43,1
2021-08-16,8,13,19,31,46,6
2021-08-19,8,31,39,42,47,10
2021-08-23,6,16,19,34,37,6
2021-08-26,17,19,25,30,40,5
2021-08-30,20,29,33,43,45,1
2021-09-02,2,3,16,24,38,3
2021-09-06,15,20,28,33,34,9
2021-09-09,1,2,21,25,29,1
2021-09-13,15,16,19,34,44,9
2021-09-16,13,15,23,37,44,9
2021-09-20,6,17,25,26,39,2
2021-09-23,4,27,38,43,45,3
2021-09-27,26,30,32,40,44,1
2021-09-30,5,10,20,21,24,8
2021-10-04,11,14,24,33,36,9
2021-10-07,12,13,23,27,33,9
2021-10-11,9,16,21,40,44,6
2021-10-14,2,8,24,38,41,10
2021-10-18,4,7,22,34,44,5
2021-10-21,2,3,4,12,29,8
2021-10-25,15,31,36,43,45,2
2021-10-28,3,9,21,29,45,7
2021-11-01,2,22,30,38,42,4
2021-11-04,4,8,11,26,34,3
2021-11-08,3,7,19,24,35,3
2021-11-11,18,19,23,35,36,1
2021-11-15,13,21,28,32,36,2
2021-11-18,18,28,39,42,45,5
2021-11-22,3,14,26,30,39,3
2021-11-25,2,13,21,26,34,3
2021-11-29,2,14,18,34,40,5
2021-12-02,3,29,32,38,43,4
2021-12-06,16,18,21,22,45,1
2021-12-09,12,24,29,37,47,2
2021-12-13,7,19,20,27,32,4
2021-12-16,4,25,28,39,40,7
2021-12-20,24,27,40,46,47,5
2021-12-23,19,22,33,42,44,3
2021-12-27,32,33,35,44,47,3
2021-12-30,20,27,38,40,41,6
2022-01-03,15,22,26,37,47,10
2022-01-06,9,27,34,40,45,6
2022-01-10,8,13,15,35,47,9
2022-01-13,5,16,17,21,43,3
2022-01-17,4,5,11,27,35,7
2022-01-20,7,22,24,25,40,2
2022-01-24,14,18,28,29,38,7
2022-01-27,15,19,26,40,42,7
2022-01-31,3,4,7,29,34,8
2022-02-03,6,16,22,44,47,5
2022-02-07,5,31,34,36,47,1
2022-02-10,4,9,31,32,42,1
2022-02-14,3,9,14,27,38,4
2022-02-17,5,15,24,40,43,4
2022-02-21,11,13,16,21,46,3
2022-02-24,5,6,25,31,40,7
2022-02-28,4,15,24,31,33,9
2022-03-03,18,26,29,41,42,2
2022-03-07,23,29,37,38,46,8
2022-03-10,7,10,19,27,32,2
2022-03-14,4,5,10,40,44,4
2022-03-17,18,25,30,42,44,5
2022-03-21,3,8,23,30,32,3
2022-03-24,34,36,38,41,46,1
2022-03-28,29,32,42,44,46,3
2022-03-31,14,23,33,38,39,7
2022-04-04,7,34,38,44,46,9
2022-04-07,8,11,19,31,33,7
2022-04-11,3,11,25,42,47,8
2022-04-14,11,17,28,34,42,9
2022-04-18,7,9,12,31,43,7
2022-04-21,6,25,30,36,46,8
2022-04-25,8,15,31,37,40,7
2022-04-28,5,13,21,42,47,6
2022-05-02,3,27,31,44,46,6
2022-05-05,16,23,29,36,38,6
2022-05-09,6,7,9,31,38,2
2022-05-12,3,13,15,19,36,7
2022-05-16,6,13,17,20,43,9
2022-05-19,22,24,27,33,38,1
2022-05-23,2,6,21,24,25,5
2022-05-26,2,3,34,39,46,7
2022-05-30,8,16,37,43,45,1
2022-06-02,18,29,31,33,47,8
2022-06-06,9,17,32,41,45,2
2022-06-09,10,21,23,29,35,4
2022-06-13,1,7,11,43,47,1
2022-06-16,10,17,18,32,39,10
2022-06-20,1,3,40,44,47,6
2022-06-23,1,6,9,33,38,6
2022-06-27,14,16,25,27,37,9
2022-06-30,18,22,29,42,44,2
2022-07-04,5,7,10,21,38,4
2022-07-07,1,5,22,35,39,3
2022-07-11,8,18,23,24,43,10
2022-07-14,4,5,14,16,38,7
2022-07-18,2,4,9,34,47,2
2022-07-21,8,24,26,37,43,10
2022-07-25,7,20,26,33,39,10
2022-07-28,3,6,15,26,33,6
2022-08-01,7,11,19,31,47,9
2022-08-04,5,15,43,44,47,3
2022-08-08,10,15,22,23,41,7
2022-08-11,1,12,13,26,40,7
2022-08-15,8,10,18,21,40,9
2022-08-18,8,17,20,35,40,1
2022-08-22,21,28,33,38,47,1
2022-08-25,1,3,21,27,34,7
2022-08-29,3,8,14,31,47,8
2022-09-01,11,18,25,34,38,3
2022-09-05,6,14,20,29,33,5
2022-09-08,2,7,31,42,44,3
2022-09-12,10,13,14,21,46,7
2022-09-15,3,13,20,23,38,4
2022-09-19,9,25,34,37,47,2
2022-09-22,8,11,36,39,40,1
2022-09-26,11,21,25,28,39,6
2022-09-29,8,11,16,26,47,7
2022-10-03,1,13,17,37,44,4
2022-10-06,3,4,24,40,45,6
2022-10-10,8,9,16,21,37,1
2022-10-13,6,15,34,42,46,8
2022-10-17,19,25,32,33,46,5
2022-10-20,3,8,13,29,36,1
2022-10-24,8,15,20,35,38,1
2022-10-27,15,23,25,35,36,7
2022-10-31,3,5,13,17,24,7
2022-11-03,2,5,24,29,37,3
2022-11-07,10,12,13,21,42,5
2022-11-10,4,27,29,31,40,1
2022-11-14,9,20,21,37,40,8
2022-11-17,13,21,22,25,37,2
2022-11-21,3,12,18,31,33,3
2022-11-24,1,10,14,32,40,7
2022-11-28,2,12,17,19,21,4
2022-12-01,12,34,40,42,47,2
2022-12-05,19,23,31,34,43,8
2022-12-08,1,3,21,38,42,2
2022-12-12,8,19,26,32,37,10
2022-12-15,6,9,12,30,46,5
2022-12-19,1,9,12,36,41,5
2022-12-22,14,27,28,40,43,8
2022-12-26,3,5,7,16,21,6
2022-12-29,16,27,39,40,42,7
2023-01-02,3,4,7,15,26,6
2023-01-05,3,29,36,40,42,6
2023-01-09,7,16,24,29,31,3
2023-01-12,23,24,25,30,31,9
2023-01-16,10,23,32,36,40,10
2023-01-19,15,30,40,42,47,8
2023-01-23,4,10,13,21,30,10
2023-01-26,2,13,28,30,34,4
2023-01-30,15,16,19,22,25,6
2023-02-02,5,9,10,25,41,7
2023-02-06,14,18,22,32,44,1
2023-02-09,4,16,17,21,34,6
2023-02-13,4,6,9,17,18,3
2023-02-16,2,10,25,28,30,2
2023-02-20,12,17,22,31,38,3
2023-02-23,1,6,29,30,40,4
2023-02-27,23,28,34,45,46,1
2023-03-02,9,26,38,40,43,1
2023-03-06,3,20,24,42,45,1
2023-03-09,9,16,27,39,46,6
2023-03-13,3,15,17,18,33,9
2023-03-16,1,7,25,31,40,2
2023-03-20,3,24,30,35,44,9
2023-03-23,2,11,17,26,27,3
2023-03-27,6,16,20,44,47,9
2023-03-30,4,24,25,30,33,7
2023-04-03,3,4,6,36,39,7
2023-04-06,16,21,41,43,46,7
2023-04-10,5,23,26,27,43,7
2023-04-13,7,8,14,17,45,2
2023-04-17,5,15,23,26,44,8
2023-04-20,10,28,29,42,46,5
2023-04-24,4,8,10,38,43,3
2023-04-27,11,18,29,38,44,9
2023-05-01,11,22,24,37,43,9
2023-05-04,13,15,16,35,37,10
2023-05-08,7,12,13,21,26,4
2023-05-11,16,19,22,31,45,1
2023-05-15,3,23,25,33,36,1
2023-05-18,10,32,36,39,43,2
2023-05-22,17,26,33,44,46,3
2023-05-25,8,14,16,32,37,4
2023-05-29,4,11,14,41,45,2
2023-06-01,11,19,31,34,44,3
2023-06-05,2,5,21,34,35,6
2023-06-08,6,13,17,37,44,3
2023-06-12,13,16,24,35,36,3
2023-06-15,3,13,35,37,46,7
2023-06-19,7,19,21,22,41,6
2023-06-22,10,11,31,42,43,4
2023-06-26,3,30,33,36,44,6
2023-06-29,18,33,38,39,47,5
2023-07-03,9,10,29,30,39,10
2023-07-06,1,10,17,18,42,7
2023-07-10,1,18,23,35,47,1
2023-07-13,7,9,11,39,40,1
2023-07-17,9,19,20,29,37,4
2023-07-20,28,31,37,40,47,3
2023-07-24,14,21,41,43,47,3
2023-07-27,6,11,12,20,29,3
2023-07-31,20,29,30,37,38,3
2023-08-03,2,11,17,30,38,3
2023-08-07,1,4,9,40,46,9
2023-08-10,2,12,14,23,33,4
2023-08-14,8,15,17,31,41,6
2023-08-17,2,3,26,33,36,2
2023-08-21,11,15,21,33,43,6
2023-08-24,5,6,29,30,40,3
2023-08-28,2,30,36,39,45,7
2023-08-31,1,14,25,32,43,7
2023-09-04,14,30,31,44,47,8
2023-09-07,3,9,21,26,42,6
2023-09-11,4,5,14,24,35,3
2023-09-14,8,27,33,34,44,5
2023-09-18,1,3,11,28,43,9
2023-09-21,7,17,23,24,40,1
2023-09-25,6,12,13,15,41,9
2023-09-28,18,23,28,29,37,3
2023-10-02,1,7,14,15,26,2
2023-10-05,5,6,18,39,45,3
2023-10-09,6,11,29,40,44,5
2023-10-12,9,19,41,44,46,4
2023-10-16,13,30,33,35,43,6
2023-10-19,12,14,38,41,44,5
2023-10-23,11,30,34,35,38,1
2023-10-26,2,11,23,43,46,10
2023-10-30,6,12,13,18,19,7
2023-11-02,12,20,41,42,46,8
2023-11-06,2,5,11,15,27,10
2023-11-09,9,11,27,36,47,9
2023-11-13,3,11,33,38,45,10
2023-11-16,12,18,30,40,41,8
2023-11-20,6,9,11,22,46,5
2023-11-23,10,14,19,35,41,1
2023-11-27,10,12,35,37,47,1
2023-11-30,5,40,42,43,46,4
2023-12-04,4,11,16,46,47,1
2023-12-07,2,3,37,39,45,1
2023-12-11,12,14,20,28,41,9
2023-12-14,12,13,16,21,44,10
2023-12-18,1,13,18,32,47,1
2023-12-21,4,8,17,18,21,6
2023-12-25,2,15,21,41,47,2
2023-12-28,13,14,35,36,41,9
2024-01-01,1,20,26,36,38,6
2024-01-04,12,14,26,39,46,4
2024-01-08,19,31,37,39,40,4
2024-01-11,15,16,23,35,42,1
2024-01-15,4,14,21,35,36,5
2024-01-18,9,15,22,40,44,5
2024-01-22,6,23,26,27,34,2
2024-01-25,7,20,23,36,44,4
2024-01-29,7,29,35,40,46,8
2024-02-01,3,7,11,23,29,7
2024-02-05,3,4,8,10,28,1
2024-02-08,13,19,26,37,43,5
2024-02-12,6,20,27,29,36,8
2024-02-15,5,11,25,30,42,6
2024-02-19,7,11,12,36,46,9
2024-02-22,16,17,19,23,38,5
2024-02-26,3,10,21,24,39,2
2024-02-29,4,6,28,29,45,4
2024-03-04,7,15,25,30,38,9
2024-03-07,11,29,32,34,42,9
2024-03-11,12,21,30,35,44,9
2024-03-14,4,11,22,25,34,6
2024-03-18,2,11,19,38,43,6
2024-03-21,3,4,11,14,18,7
2024-03-25,11,23,24,26,35,2
2024-03-28,5,10,19,26,41,4
2024-04-01,19,30,35,40,44,2
2024-04-04,2,9,16,17,41,3
2024-04-08,3,5,6,36,43,1
2024-04-11,11,13,19,27,42,8
2024-04-15,1,3,21,22,27,10
2024-04-18,6,18,26,35,41,5
2024-04-22,1,17,26,39,46,6
2024-04-25,3,27,43,46,47,2
2024-04-29,6,18,22,29,40,9
2024-05-02,5,10,14,35,45,4
2024-05-06,11,15,26,33,44,10
2024-05-09,1,14,17,27,35,9
2024-05-13,5,10,19,23,44,10
2024-05-16,4,12,16,21,26,3
2024-05-20,9,10,25,32,41,8
2024-05-23,14,20,31,40,43,9
2024-05-27,4,7,13,28,34,3
2024-05-30,5,11,12,25,26,7
2024-06-03,2,11,15,19,38,8
2024-06-06,3,24,29,31,41,6
2024-06-10,28,30,31,32,42,10
2024-06-13,10,16,19,24,38,3
2024-06-17,6,22,23,36,41,6
2024-06-20,10,18,24,27,38,5
2024-06-24,20,32,33,43,45,10
2024-06-27,8,15,27,32,33,5
2024-07-01,4,6,8,19,34,9
2024-07-04,5,10,14,19,34,8
2024-07-08,11,34,35,44,45,10
2024-07-11,7,11,15,21,32,6
2024-07-15,2,6,10,29,47,3
2024-07-18,5,7,27,38,46,8
2024-07-22,1,3,9,26,32,1
2024-07-25,7,20,25,30,33,3
2024-07-29,6,8,11,24,45,2
2024-08-01,2,6,18,24,34,2
2024-08-05,8,23,31,38,47,9
2024-08-08,6,10,17,24,40,8
2024-08-12,20,27,42,43,46,9
2024-08-15,11,25,26,34,47,8
2024-08-19,23,33,35,42,43,6
2024-08-22,15,30,32,33,39,4
2024-08-26,2,29,33,37,41,9
2024-08-29,4,8,21,25,43,9
2024-09-02,3,9,21,22,31,10
2024-09-05,3,5,23,32,44,8
2024-09-09,4,6,32,35,45,6
2024-09-12,1,4,23,38,39,3
2024-09-16,12,13,15,17,30,10
2024-09-19,5,6,30,46,47,5
2024-09-23,12,18,30,35,43,6
2024-09-26,27,32,33,41,47,4
2024-09-30,6,14,21,24,36,1
2024-10-03,22,33,34,35,43,10
2024-10-07,7,18,22,23,29,7
2024-10-10,7,13,18,20,31,8
2024-10-14,3,15,28,32,34,5
2024-10-17,12,17,27,32,43,3
2024-10-21,8,15,19,32,38,9
2024-10-24,2,11,29,37,45,6
2024-10-28,12,15,39,43,47,5
2024-10-31,9,15,18,24,37,7
2024-11-04,5,14,22,33,44,5
2024-11-07,7,9,10,23,26,1
2024-11-11,1,9,24,31,36,8
2024-11-14,1,3,17,30,39,5
2024-11-18,2,8,10,19,24,9
2024-11-21,3,12,13,35,43,1
2024-11-25,18,29,31,34,38,1
2024-11-28,19,24,28,32,39,9
2024-12-02,3,25,31,34,37,6
2024-12-05,10,11,12,36,45,8
2024-12-09,5,8,21,22,40,10
2024-12-12,13,22,30,42,43,5
2024-12-16,6,16,23,28,30,7
2024-12-19,4,7,20,38,41,5
2024-12-23,2,18,19,23,28,3
2024-12-26,9,11,24,29,36,6
2024-12-30,8,13,28,29,35,10
2025-01-02,8,12,27,28,44,9
2025-01-06,10,21,26,31,38,9
2025-01-09,10,11,13,14,45,3
2025-01-13,11,16,36,37,43,9
2025-01-16,9,12,15,33,44,10
2025-01-20,2,3,32,35,36,9
2025-01-23,11,21,22,32,45,6
2025-01-27,5,16,19,21,36,8
2025-01-30,8,12,17,33,42,7
2025-02-03,3,13,23,34,39,4
2025-02-06,6,25,26,33,35,1
2025-02-10,1,10,14,34,39,6
2025-02-13,10,19,24,41,44,4
2025-02-17,16,25,26,34,41,3
2025-02-20,5,8,21,26,37,1
2025-02-24,3,10,15,19,29,6
2025-02-27,10,18,27,34,36,3
2025-03-03,22,25,28,35,47,4
2025-03-06,6,15,21,30,47,2
2025-03-10,5,14,24,36,41,10
2025-03-13,8,21,23,31,38,3
2025-03-17,1,28,31,34,44,5
2025-03-20,1,15,16,22,35,4
2025-03-24,3,4,6,18,41,8
2025-03-27,5,24,25,39,45,5
2025-03-31,7,37,39,40,47,1
2025-04-03,4,9,17,31,42,9
2025-04-07,15,26,27,30,31,10
2025-04-10,21,22,23,38,41,5
2025-04-14,5,14,15,43,44,1
2025-04-17,2,5,21,32,43,7
2025-04-21,15,25,33,34,36,8
2025-04-24,12,21,29,33,37,7
2025-04-28,7,18,37,38,41,1
2025-05-01,8,20,25,35,40,4
2025-05-05,20,21,24,27,36,5
2025-05-08,6,7,31,38,42,6
2025-05-12,12,14,19,23,32,5
2025-05-15,3,27,42,45,46,6
2025-05-19,14,18,23,28,46,9
2025-05-22,6,9,15,19,34,3
2025-05-26,7,13,27,33,40,4
2025-05-29,11,21,22,27,41,5
2025-06-02,23,36,41,42,46,4
2025-06-05,1,12,14,19,42,2
2025-06-09,7,31,36,39,44,1
2025-06-12,13,17,37,44,45,9
2025-06-16,1,15,34,35,38,5
2025-06-19,8,10,12,28,45,9
2025-06-23,7,12,19,21,31,5
2025-06-26,2,4,34,37,46,6
2025-06-30,3,8,14,17,25,9
2025-07-03,5,8,14,18,20,4
2025-07-07,3,4,22,30,34,4
2025-07-10,15,17,27,35,39,8
2025-07-14,3,9,17,23,41,9
2025-07-17,11,17,26,29,47,6
2025-07-21,3,5,13,31,39,2
2025-07-24,4,6,9,10,40,5
2025-07-28,2,4,7,22,34,2
2025-07-31,4,11,26,44,47,10
2025-08-04,11,26,28,32,39,2
2025-08-07,3,11,17,18,23,6
2025-08-11,3,6,24,27,34,5
2025-08-14,8,9,21,32,42,8
2025-08-18,2,4,8,11,28,1
2025-08-21,3,6,7,14,18,5
2025-08-25,5,32,34,38,44,9
2025-08-28,6,18,21,25,34,10
2025-09-01,18,21,24,29,47,7
2025-09-04,6,14,22,28,36,3
2025-09-08,17,18,23,33,44,6
2025-09-11,2,30,39,41,45,9
2025-09-15,18,38,42,45,46,2
2025-09-18,18,19,22,34,40,5
2025-09-22,3,9,34,37,42,3
2025-09-25,10,25,42,43,46,4
2025-09-29,7,12,31,34,35,7
2025-10-02,3,28,30,35,40,7
2025-10-06,9,15,24,33,45,2
2025-10-09,10,16,36,39,40,7
2025-10-13,4,24,27,31,36,8
2025-10-16,1,8,12,27,46,2
2025-10-20,11,17,26,30,43,8
2025-10-23,3,20,25,26,35,7
2025-10-27,6,16,18,33,34,4
2025-10-30,5,18,22,31,32,3
2025-11-03,4,20,31,35,38,1
2025-11-06,5,29,30,31,37,6
2025-11-10,1,7,25,27,35,6
2025-11-13,11,30,31,34,45,3
2025-11-17,4,7,11,18,27,3
2025-11-20,4,5,9,14,42,9
2025-11-24,15,23,40,43,44,1
2025-11-27,11,13,14,20,26,8
2025-12-01,16,22,24,32,38,9
2025-12-04,1,8,33,38,42,9
2025-12-08,4,22,27,35,45,6
2025-12-11,16,21,26,29,36,2
2025-12-15,8,27,29,31,42,5
2025-12-18,8,9,10,19,37,10
2025-12-22,10,23,27,28,36,3
2025-12-25,1,4,6,30,47,9
2025-12-29,8,13,15,25,39,6
2026-01-01,7,8,41,43,45,10
2026-01-05,4,22,32,33,36,7
2026-01-08,13,17,26,29,46,4
2026-01-12,9,20,29,41,47,4
2026-01-15,9,22,24,29,30,1
2026-01-19,3,7,19,30,32,7
2026-01-22,1,5,13,17,21,2
2026-01-26,1,16,19,26,34,7
2026-01-29,13,24,31,33,36,3
2026-02-02,2,6,31,39,42,5
2026-02-05,6,15,21,22,43,6
2026-02-09,3,32,34,40,41,1
2026-02-12,6,26,30,32,36,10
2026-02-16,12,23,28,30,43,9
2026-02-19,5,9,13,34,45,8
2026-02-23,8,23,32,41,42,1
2026-02-26,18,19,20,27,33,9
2026-03-02,2,13,22,29,31,3
2026-03-05,4,6,17,28,35,3
2026-03-09,9,17,29,31,43,4
2026-03-12,5,7,16,32,34,7
2026-03-16,10,23,34,38,45,2
2026-03-19,15,17,26,32,37,7
2026-03-23,2,11,14,21,34,10
2026-03-26,14,17,26,31,37,4
2026-03-30,5,16,36,37,47,9
2026-04-02,2,3,8,27,39,7
2026-04-06,1,2,11,26,37,4
2026-04-09,16,17,30,45,46,7
2026-04-13,12,13,19,25,44,4
2026-04-16,3,5,7,32,38,4
2026-04-20,16,17,27,45,46,5
2026-04-23,8,14,20,23,32,1
2026-04-27,6,13,37,42,43,10
2026-04-30,2,6,13,27,38,10
2026-05-04,8,19,24,43,46,4
2026-05-07,8,13,26,34,45,8
2026-05-11,13,14,23,24,39,9
2026-05-14,15,36,39,41,43,8
2026-05-18,3,21,22,28,38,10
2026-05-21,1,12,27,39,45,4
2026-05-25,3,14,21,28,44,4
2026-05-28,6,10,11,19,30,5
2026-06-01,8,12,33,35,45,1
2026-06-04,4,8,26,32,46,8
2026-06-08,1,14,20,23,42,8
2026-06-11,12,16,32,33,41,2
2026-06-15,7,8,14,17,20,2
2026-06-18,11,20,23,24,27,5
2026-06-22,1,16,32,34,38,5
2026-06-25,1,9,26,28,45,3
2026-06-29,10,19,30,33,36,3
2026-07-02,16,22,23,25,30,6
2026-07-06,3,4,15,26,45,7
2026-07-09,7,35,40,46,47,10
2026-07-13,1,19,40,43,46,4
2026-07-16,5,13,24,33,40,10
2026-07-20,1,13,20,35,39,10
2026-07-23,2,6,10,18,30,8
2026-07-27,6,14,15,34,39,2
2026-07-30,1,4,13,24,45,5
2026-08-03,12,20,21,24,41,6
2026-08-06,3,4,5,18,37,6
2026-08-10,1,14,30,34,46,3
2026-08-13,4,5,10,12,36,8
2026-08-17,13,14,23,33,36,10
2026-08-20,6,9,29,32,47,9
2026-08-24,11,19,28,38,43,9
2026-08-27,1,24,28,31,47,3
2026-08-31,4,17,26,38,39,8
2026-09-03,16,17,22,42,47,1
2026-09-07,4,18,22,24,42,5
2026-09-10,2,11,23,43,44,10
2026-09-14,10,19,21,27,41,6
2026-09-17,5,9,15,33,43,7
2026-09-21,24,28,37,40,42,7
